timestamp,x,y,z,qx,qy,qz,qw
1670332780.929298,0.188393,0.162851,0.0939856,0.608096,-0.366093,0.362076,-0.604232
1670332780.979321,0.191316,0.168346,0.0962705,0.60858,-0.364983,0.361746,-0.604614
1670332781.029368,0.19425,0.174326,0.0976104,0.609082,-0.363736,0.361338,-0.605104
1670332781.079315,0.195184,0.178178,0.0984021,0.609668,-0.362663,0.360462,-0.605679
1670332781.129385,0.194383,0.180198,0.098722,0.610328,-0.361737,0.359177,-0.606331
1670332781.179327,0.196006,0.182031,0.0992262,0.611038,-0.3607,0.357697,-0.607108
1670332781.229340,0.199798,0.183702,0.0998973,0.611793,-0.35956,0.356037,-0.607999
1670332781.279301,0.201826,0.183465,0.0992055,0.61248,-0.358521,0.354419,-0.608867
1670332781.329398,0.202328,0.181566,0.0973257,0.613108,-0.357564,0.352834,-0.609717
1670332781.379316,0.203342,0.178759,0.0957942,0.613577,-0.356749,0.351297,-0.61061
1670332781.429277,0.204813,0.175138,0.094564,0.613907,-0.356055,0.349798,-0.611543
1670332781.479376,0.20721,0.169202,0.0955744,0.614321,-0.355243,0.348288,-0.61246
1670332781.529417,0.210386,0.161318,0.0984848,0.614804,-0.354332,0.346775,-0.613361
1670332781.579306,0.212485,0.151244,0.10256,0.614208,-0.354573,0.344999,-0.61482
1670332781.629352,0.213674,0.139228,0.10766,0.612676,-0.355801,0.342984,-0.616762
1670332781.679265,0.214379,0.124059,0.102382,0.610331,-0.35594,0.341442,-0.619855
1670332781.729321,0.214667,0.106099,0.0881941,0.607269,-0.355141,0.340291,-0.62394
1670332781.779300,0.213561,0.0887386,0.0813992,0.607411,-0.351549,0.339312,-0.626365
1670332781.829336,0.21123,0.0718499,0.0809745,0.61032,-0.345521,0.338473,-0.627345
1670332781.879321,0.210597,0.0530805,0.0756462,0.613108,-0.339986,0.336685,-0.62861
1670332781.930139,0.211475,0.0322816,0.065816,0.615837,-0.334798,0.334009,-0.630153
1670332781.979316,0.211302,0.0112191,0.0625131,0.620004,-0.328598,0.330104,-0.631387
1670332782.029435,0.210225,-0.0110722,0.0643378,0.625494,-0.32127,0.325002,-0.63239
1670332782.079338,0.20864,-0.0315401,0.068583,0.630969,-0.314074,0.320348,-0.63294
1670332782.129359,0.206611,-0.0505907,0.0749034,0.636461,-0.306942,0.316045,-0.633103
1670332782.179296,0.20768,-0.0751656,0.0822446,0.641043,-0.301965,0.312138,-0.632812
1670332782.229327,0.211486,-0.104634,0.0905205,0.644867,-0.29887,0.308576,-0.632143
1670332782.279327,0.213776,-0.134805,0.0888284,0.646089,-0.299685,0.307579,-0.630994
1670332782.329334,0.214772,-0.165594,0.0785817,0.645085,-0.303854,0.308782,-0.629438
1670332782.379319,0.222503,-0.19064,0.0790705,0.642978,-0.311187,0.31095,-0.626939
1670332782.429322,0.235995,-0.210807,0.0887892,0.639862,-0.321229,0.313924,-0.623571
1670332782.479294,0.24834,-0.230533,0.0918799,0.638138,-0.328325,0.318038,-0.619543
1670332782.529386,0.259744,-0.249916,0.0892173,0.637649,-0.332873,0.323172,-0.614946
1670332782.579294,0.273443,-0.26886,0.0891529,0.636928,-0.336224,0.328644,-0.610958
1670332782.629493,0.289307,-0.287575,0.0914,0.635998,-0.338546,0.334467,-0.607475
1670332782.679318,0.301985,-0.303526,0.0906227,0.634315,-0.340134,0.340856,-0.604789
1670332782.729420,0.31212,-0.317337,0.0872948,0.631971,-0.34112,0.347793,-0.602736
1670332782.779266,0.327934,-0.329731,0.0860401,0.628119,-0.344197,0.353219,-0.601857
1670332782.829298,0.348706,-0.34104,0.0865199,0.622939,-0.349078,0.357394,-0.601964
1670332782.879246,0.36411,-0.353711,0.0881549,0.61876,-0.353183,0.360805,-0.601845
1670332782.929261,0.37484,-0.367604,0.0908178,0.615465,-0.356621,0.36356,-0.601538
1670332782.979318,0.386914,-0.381009,0.087596,0.613881,-0.358074,0.365232,-0.601281
1670332783.029361,0.400125,-0.393976,0.0794168,0.613755,-0.357854,0.365994,-0.601077
1670332783.079322,0.410861,-0.40733,0.0741563,0.613755,-0.358018,0.365251,-0.601431
1670332783.129348,0.419513,-0.421048,0.0713732,0.613861,-0.358509,0.36322,-0.60226
1670332783.179270,0.427562,-0.435435,0.070248,0.614006,-0.358156,0.360382,-0.604025
1670332783.229351,0.435135,-0.450465,0.0705235,0.614177,-0.357085,0.356843,-0.606581
1670332783.279329,0.440456,-0.467061,0.0726132,0.615259,-0.3537,0.352287,-0.61012
1670332783.329349,0.443824,-0.485077,0.0762599,0.617092,-0.34831,0.346831,-0.61448
1670332783.379265,0.446861,-0.504554,0.075942,0.620214,-0.341002,0.341494,-0.618413
1670332783.429325,0.449593,-0.52537,0.072317,0.624379,-0.332053,0.33621,-0.621976
1670332783.479307,0.451234,-0.547987,0.063536,0.627525,-0.327648,0.332579,-0.623098
1670332783.529277,0.452017,-0.572086,0.0504404,0.629866,-0.327072,0.330353,-0.622221
1670332783.579299,0.456029,-0.593762,0.0458277,0.631272,-0.327211,0.329419,-0.621218
1670332783.629348,0.462875,-0.6133,0.0486569,0.631861,-0.327979,0.329617,-0.620108
1670332783.679318,0.469249,-0.633415,0.0500174,0.631873,-0.328699,0.330513,-0.619237
1670332783.729302,0.475214,-0.654072,0.0500838,0.631375,-0.329378,0.332026,-0.618574
1670332783.779356,0.476183,-0.675722,0.0509579,0.63053,-0.329598,0.333218,-0.618679
1670332783.829321,0.472908,-0.698151,0.0525137,0.629392,-0.329426,0.334133,-0.619435
1670332783.879330,0.476251,-0.717904,0.0562638,0.628638,-0.327596,0.335167,-0.620611
1670332783.929313,0.485246,-0.735343,0.0618821,0.628209,-0.324343,0.336299,-0.622139
1670332783.979329,0.489247,-0.753212,0.0646771,0.627367,-0.322198,0.337145,-0.623644
1670332784.029343,0.488993,-0.771437,0.0650676,0.626176,-0.320998,0.337748,-0.625132
1670332784.079296,0.488602,-0.787347,0.0663203,0.625355,-0.321823,0.338213,-0.625279
1670332784.129254,0.488092,-0.801293,0.0683116,0.624846,-0.324384,0.338559,-0.624275
1670332784.179275,0.49037,-0.812547,0.073227,0.624516,-0.327869,0.338726,-0.622693
1670332784.229328,0.495079,-0.821445,0.0806943,0.624334,-0.332156,0.338733,-0.620596
1670332784.279331,0.499584,-0.830262,0.0837369,0.623508,-0.336122,0.339313,-0.618972
1670332784.329355,0.503915,-0.839019,0.0828342,0.622107,-0.339806,0.340404,-0.61777
1670332784.379302,0.507166,-0.845346,0.0871104,0.620317,-0.342573,0.341743,-0.617302
1670332784.429302,0.509507,-0.849613,0.095822,0.618194,-0.344563,0.343298,-0.617462
1670332784.479329,0.509959,-0.851348,0.0980426,0.616353,-0.345715,0.344222,-0.618144
1670332784.530885,0.508759,-0.850893,0.0945851,0.614707,-0.346162,0.344618,-0.61931
1670332784.579325,0.508772,-0.851283,0.0938331,0.614184,-0.345936,0.343661,-0.620486
1670332784.629302,0.509743,-0.852373,0.095156,0.6145,-0.34516,0.341557,-0.621766
1670332784.679311,0.511132,-0.851368,0.0951078,0.615207,-0.344064,0.339299,-0.62291
1670332784.729316,0.512868,-0.848607,0.0939087,0.616239,-0.342697,0.336912,-0.623938
1670332784.779325,0.513758,-0.844334,0.0914637,0.617454,-0.341312,0.334189,-0.624959
1670332784.829298,0.513919,-0.838772,0.0879551,0.618823,-0.339911,0.331178,-0.625971
1670332784.879281,0.512584,-0.8327,0.0843095,0.61954,-0.339796,0.329437,-0.626243
1670332784.929353,0.509944,-0.826168,0.0805359,0.619691,-0.340808,0.328807,-0.625875
1670332784.979328,0.509321,-0.818471,0.0778783,0.619037,-0.3429,0.330287,-0.624598
1670332785.029323,0.510447,-0.809751,0.0761937,0.617663,-0.345938,0.333612,-0.622513
1670332785.079299,0.511322,-0.796503,0.0751552,0.616083,-0.349143,0.338463,-0.619664
1670332785.129340,0.511954,-0.7792,0.0747044,0.614296,-0.352493,0.344676,-0.616107
1670332785.179334,0.513127,-0.759369,0.0726179,0.612047,-0.356531,0.351274,-0.612282
1670332785.229334,0.514736,-0.737399,0.0691473,0.609388,-0.361144,0.358195,-0.608209
1670332785.279321,0.514492,-0.716967,0.0643625,0.606595,-0.366442,0.363382,-0.604744
1670332785.329309,0.512677,-0.697831,0.0584441,0.603694,-0.372324,0.367106,-0.601799
1670332785.379338,0.510554,-0.676707,0.0551392,0.600382,-0.377519,0.370437,-0.599831
1670332785.429418,0.508168,-0.653858,0.0540837,0.596718,-0.382125,0.373434,-0.598711
1670332785.479345,0.506135,-0.631948,0.0533612,0.59269,-0.386737,0.375172,-0.598664
1670332785.530559,0.504359,-0.610238,0.0528982,0.588225,-0.391481,0.375858,-0.599554
1670332785.579272,0.502261,-0.587316,0.0570058,0.584737,-0.394524,0.376174,-0.600772
1670332785.629331,0.499778,-0.561883,0.0649816,0.581787,-0.396445,0.376225,-0.602337
1670332785.679307,0.492377,-0.541063,0.0713617,0.580619,-0.396611,0.374447,-0.604459
1670332785.729304,0.480763,-0.52414,0.0764019,0.580966,-0.395278,0.371103,-0.607056
1670332785.779313,0.471515,-0.508236,0.0806651,0.582683,-0.391695,0.367317,-0.610027
1670332785.829267,0.464178,-0.493209,0.0842785,0.585496,-0.386263,0.36316,-0.613278
1670332785.879321,0.452131,-0.480373,0.0883692,0.587743,-0.380653,0.359075,-0.61703
1670332785.929297,0.436232,-0.469393,0.0928393,0.589507,-0.374911,0.355058,-0.621174
1670332785.979320,0.422488,-0.460814,0.0935898,0.590631,-0.369833,0.352163,-0.624788
1670332786.029337,0.410553,-0.454222,0.0912562,0.591232,-0.365314,0.350207,-0.62797
1670332786.079300,0.397114,-0.445524,0.0909378,0.592125,-0.362695,0.348565,-0.629557
1670332786.129395,0.382348,-0.434971,0.0923571,0.593285,-0.361709,0.347195,-0.62979
1670332786.179303,0.370609,-0.425335,0.0933806,0.595429,-0.360801,0.345499,-0.62922
1670332786.229295,0.361434,-0.416453,0.094063,0.598432,-0.359952,0.343509,-0.627946
1670332786.279380,0.350565,-0.407984,0.0977771,0.600857,-0.358202,0.3425,-0.62718
1670332786.329312,0.338332,-0.399898,0.104011,0.602789,-0.355707,0.342319,-0.626846
1670332786.379348,0.325229,-0.392337,0.108511,0.604361,-0.352556,0.34261,-0.626954
1670332786.429306,0.311424,-0.385247,0.111516,0.605617,-0.348856,0.3433,-0.627434
1670332786.479269,0.30051,-0.376572,0.110925,0.605572,-0.346657,0.343836,-0.628402
1670332786.529329,0.292042,-0.366528,0.10727,0.604422,-0.345738,0.344244,-0.62979
1670332786.579269,0.285771,-0.353189,0.104294,0.603324,-0.345629,0.34508,-0.630445
1670332786.629342,0.281313,-0.337023,0.101874,0.602264,-0.346199,0.346278,-0.630489
1670332786.679295,0.278679,-0.322114,0.096746,0.60193,-0.347728,0.347366,-0.629367
1670332786.729397,0.277577,-0.308203,0.0892861,0.602208,-0.350078,0.348363,-0.627243
1670332786.779349,0.276582,-0.286625,0.0851141,0.602783,-0.35278,0.349706,-0.624423
1670332786.829288,0.275665,-0.258569,0.0836937,0.603602,-0.35578,0.351339,-0.621003
1670332786.879308,0.27526,-0.232914,0.0769614,0.604332,-0.358897,0.352553,-0.617804
1670332786.929318,0.275305,-0.209407,0.0655736,0.604982,-0.362113,0.353396,-0.614803
1670332786.979325,0.276453,-0.183292,0.057611,0.604641,-0.366017,0.355186,-0.611788
1670332787.029538,0.278572,-0.154763,0.0526535,0.603408,-0.370542,0.357818,-0.60874
1670332787.079438,0.28146,-0.125114,0.051578,0.600321,-0.376706,0.360074,-0.606675
1670332787.129298,0.28497,-0.0944244,0.0536889,0.595657,-0.384239,0.362013,-0.605392
1670332787.179354,0.289341,-0.065058,0.0571238,0.592388,-0.389531,0.362413,-0.604978
1670332787.230995,0.29463,-0.0360098,0.0618459,0.590286,-0.393004,0.361477,-0.605347
1670332787.279295,0.293767,-0.0102546,0.0652576,0.59098,-0.392232,0.359226,-0.606509
1670332787.329369,0.288087,0.0152725,0.0679735,0.593869,-0.388129,0.355756,-0.60837
1670332787.379297,0.28254,0.0406679,0.0720779,0.5982,-0.382212,0.350916,-0.610679
1670332787.430274,0.27691,0.0665025,0.0774117,0.603776,-0.374631,0.344804,-0.613365
1670332787.479324,0.269583,0.0891601,0.0826736,0.609013,-0.366414,0.339617,-0.616039
1670332787.529310,0.260582,0.110488,0.0881169,0.614224,-0.357299,0.334868,-0.618813
1670332787.579333,0.25227,0.130088,0.0959166,0.618127,-0.349952,0.331553,-0.620906
1670332787.629310,0.244591,0.148232,0.105705,0.62095,-0.344128,0.32947,-0.622453
1670332787.679320,0.240614,0.160014,0.109078,0.623502,-0.340713,0.327355,-0.622895
1670332787.729339,0.239917,0.166197,0.106806,0.62583,-0.33943,0.325221,-0.622379
1670332787.779314,0.23848,0.169311,0.100454,0.627341,-0.338395,0.323743,-0.622192
1670332787.829316,0.236393,0.169731,0.0905033,0.628138,-0.33758,0.322844,-0.622298
1670332787.879349,0.235335,0.172568,0.0846051,0.628684,-0.336801,0.322718,-0.622234
1670332787.929374,0.235141,0.17743,0.0821094,0.629021,-0.336052,0.323243,-0.622026
1670332787.979364,0.235733,0.179153,0.0820824,0.629319,-0.335566,0.32399,-0.621598
1670332788.029254,0.236992,0.178206,0.0841546,0.629583,-0.335303,0.324924,-0.620984
1670332788.079300,0.239285,0.173899,0.083697,0.629353,-0.335915,0.325919,-0.620366
1670332788.129341,0.242473,0.16666,0.0810246,0.628687,-0.337291,0.326963,-0.619744
1670332788.179304,0.246874,0.157401,0.0782322,0.627696,-0.338875,0.32796,-0.619357
1670332788.229335,0.252299,0.146425,0.0753305,0.626429,-0.340634,0.328922,-0.619165
1670332788.279294,0.258467,0.132966,0.0713645,0.624571,-0.342375,0.330245,-0.619377
1670332788.329464,0.265288,0.117344,0.0664821,0.622205,-0.344108,0.331877,-0.619927
1670332788.379327,0.271113,0.0996844,0.0677072,0.620229,-0.344977,0.333637,-0.620478
1670332788.429382,0.276149,0.0801446,0.0741121,0.618568,-0.345125,0.335524,-0.621036
1670332788.479357,0.282457,0.0591501,0.0749537,0.618309,-0.343748,0.335862,-0.621875
1670332788.529325,0.289877,0.0368614,0.0709576,0.619264,-0.341042,0.334854,-0.622956
1670332788.579360,0.296937,0.010778,0.0658804,0.621066,-0.338345,0.332427,-0.623933
1670332788.629435,0.303683,-0.0184643,0.0599078,0.623561,-0.335651,0.328816,-0.624813
1670332788.679385,0.310869,-0.0439015,0.0595499,0.627671,-0.331564,0.323372,-0.62572
1670332788.729346,0.318383,-0.0663129,0.0638008,0.633075,-0.326302,0.31639,-0.62661
1670332788.779267,0.323243,-0.0941244,0.0653055,0.639285,-0.32012,0.310482,-0.626448
1670332788.829357,0.325956,-0.126453,0.0645643,0.646153,-0.313159,0.305412,-0.625413
1670332788.879332,0.330484,-0.156151,0.0641858,0.650371,-0.310173,0.302732,-0.623829
1670332788.929306,0.336637,-0.183579,0.0641405,0.652352,-0.310643,0.302137,-0.621812
1670332788.979300,0.341503,-0.207335,0.0698098,0.651338,-0.315152,0.302401,-0.620477
1670332789.029322,0.345204,-0.227877,0.0805043,0.647636,-0.323217,0.303407,-0.619712
1670332789.079319,0.353165,-0.246574,0.0856817,0.645031,-0.329974,0.304779,-0.618193
1670332789.129432,0.364832,-0.263718,0.0861239,0.643377,-0.335626,0.306478,-0.61603
1670332789.179272,0.375725,-0.27705,0.083528,0.641502,-0.339406,0.309459,-0.614422
1670332789.229345,0.386062,-0.287247,0.0783287,0.639424,-0.341625,0.313564,-0.613275
1670332789.279315,0.391382,-0.295642,0.0806057,0.638133,-0.340769,0.317959,-0.612833
1670332789.331512,0.392364,-0.302766,0.0898163,0.637493,-0.33706,0.322822,-0.613008
1670332789.379311,0.399179,-0.307798,0.0887465,0.635916,-0.334409,0.326643,-0.614073
1670332789.429404,0.410993,-0.311897,0.0801025,0.633478,-0.332221,0.330148,-0.615904
1670332789.479473,0.419274,-0.317758,0.0808219,0.630452,-0.331257,0.333006,-0.617986
1670332789.529385,0.424609,-0.325069,0.0892796,0.626947,-0.331307,0.335323,-0.620268
1670332789.579284,0.432771,-0.332025,0.0921502,0.624685,-0.332131,0.337425,-0.620969
1670332789.629318,0.443384,-0.338694,0.0902501,0.623485,-0.333621,0.339353,-0.620325
1670332789.679311,0.450509,-0.34625,0.0884796,0.622591,-0.335668,0.34036,-0.619567
1670332789.729268,0.45459,-0.354582,0.0868191,0.621963,-0.338202,0.340563,-0.618707
1670332789.779344,0.461078,-0.365404,0.0844583,0.621025,-0.339783,0.340795,-0.618656
1670332789.829377,0.469589,-0.378302,0.0815126,0.619827,-0.340554,0.341051,-0.619291
1670332789.879355,0.477685,-0.39697,0.0782141,0.617701,-0.341705,0.341372,-0.620603
1670332789.929339,0.485432,-0.42059,0.074607,0.614773,-0.343179,0.341747,-0.622488
1670332789.979302,0.491968,-0.443029,0.0731282,0.612228,-0.343668,0.341955,-0.624609
1670332790.029310,0.49745,-0.464464,0.0735129,0.610014,-0.343296,0.34202,-0.62694
1670332790.079302,0.501501,-0.492347,0.0731446,0.610792,-0.340152,0.340962,-0.62847
1670332790.129374,0.504344,-0.525679,0.0721334,0.61405,-0.334678,0.338957,-0.629318
1670332790.179274,0.508715,-0.556313,0.0689474,0.618208,-0.329801,0.336947,-0.628902
1670332790.229301,0.514416,-0.584812,0.0638745,0.623153,-0.325404,0.334918,-0.627393
1670332790.279361,0.519825,-0.612025,0.0591534,0.627469,-0.323641,0.332309,-0.625388
1670332790.329315,0.524974,-0.638091,0.0547457,0.631257,-0.324063,0.329229,-0.622981
1670332790.379295,0.530988,-0.661709,0.0513564,0.634136,-0.32607,0.327501,-0.619914
1670332790.429354,0.537741,-0.683285,0.0488212,0.636244,-0.329419,0.326915,-0.616282
1670332790.479299,0.542361,-0.702103,0.045895,0.637393,-0.332896,0.327124,-0.613107
1670332790.529318,0.545214,-0.718678,0.0426323,0.637745,-0.336492,0.328001,-0.610303
1670332790.579345,0.548169,-0.73316,0.0428175,0.638046,-0.339477,0.327809,-0.608436
1670332790.629354,0.551214,-0.745855,0.0459234,0.638308,-0.341946,0.326713,-0.607367
1670332790.679307,0.554144,-0.755138,0.041194,0.639028,-0.341825,0.325773,-0.607183
1670332790.729386,0.556991,-0.761665,0.030039,0.640125,-0.339585,0.324957,-0.607721
1670332790.779337,0.557403,-0.764972,0.019995,0.641343,-0.337598,0.322933,-0.608622
1670332790.829466,0.555717,-0.76553,0.0108537,0.642666,-0.335815,0.319857,-0.609836
1670332790.879317,0.557401,-0.765087,0.000312822,0.643908,-0.33626,0.316125,-0.610227
1670332790.929336,0.561954,-0.763781,-0.011502,0.645083,-0.338596,0.311803,-0.609919
1670332790.979338,0.565173,-0.762594,-0.0251922,0.645492,-0.343367,0.307186,-0.60916
1670332791.029351,0.567233,-0.761507,-0.0405249,0.645218,-0.350223,0.302302,-0.60799
1670332791.079348,0.572915,-0.761062,-0.0477828,0.644585,-0.354157,0.300026,-0.607509
1670332791.129301,0.581772,-0.761182,-0.0479784,0.64367,-0.355556,0.30004,-0.607655
1670332791.179330,0.585621,-0.758566,-0.0454991,0.64284,-0.355256,0.300437,-0.608512
1670332791.229328,0.585267,-0.753664,-0.0407847,0.642082,-0.353533,0.301153,-0.609961
1670332791.279297,0.585762,-0.747665,-0.0314553,0.642168,-0.351161,0.301522,-0.611056
1670332791.329272,0.586975,-0.740734,-0.0182162,0.642967,-0.348239,0.301598,-0.611851
1670332791.379295,0.58727,-0.735252,0.000554176,0.64366,-0.344901,0.300793,-0.613407
1670332791.429387,0.586758,-0.731035,0.0241403,0.644255,-0.341198,0.299218,-0.61562
1670332791.479314,0.58853,-0.725815,0.0539543,0.643112,-0.337139,0.297952,-0.619652
1670332791.529530,0.592189,-0.719742,0.0891837,0.640496,-0.33274,0.296921,-0.625209
1670332791.579296,0.592287,-0.712632,0.120228,0.636863,-0.328045,0.297879,-0.63092
1670332791.629391,0.589392,-0.704566,0.148216,0.632312,-0.323026,0.300494,-0.636819
1670332791.679285,0.586452,-0.698223,0.176092,0.627729,-0.317987,0.303481,-0.642448
1670332791.729320,0.583443,-0.693281,0.204042,0.623081,-0.312896,0.306791,-0.647877
1670332791.779343,0.578729,-0.6899,0.228738,0.619378,-0.306591,0.308587,-0.653565
1670332791.829357,0.572565,-0.687856,0.250676,0.616457,-0.299255,0.309099,-0.659458
1670332791.879307,0.567376,-0.685105,0.272971,0.615485,-0.291268,0.308959,-0.663992
1670332791.929309,0.562981,-0.681769,0.295596,0.616112,-0.282726,0.308277,-0.667411
1670332791.979388,0.557651,-0.677367,0.315807,0.617235,-0.274294,0.309603,-0.669275
1670332792.030219,0.551463,-0.671978,0.334223,0.61879,-0.265841,0.312658,-0.66983
1670332792.079334,0.543942,-0.669535,0.345154,0.617993,-0.25947,0.315077,-0.671928
1670332792.129308,0.535048,-0.669255,0.350819,0.615354,-0.254423,0.317115,-0.675312
1670332792.179317,0.529535,-0.670177,0.359967,0.611638,-0.251464,0.318387,-0.679187
1670332792.229538,0.526848,-0.672128,0.372078,0.607001,-0.250247,0.319017,-0.683486
1670332792.279295,0.527093,-0.674463,0.380111,0.604302,-0.249227,0.319108,-0.686203
1670332792.329339,0.529765,-0.677131,0.384906,0.603174,-0.248359,0.318762,-0.68767
1670332792.379284,0.527472,-0.680444,0.382473,0.60448,-0.247693,0.318694,-0.686795
1670332792.429298,0.520871,-0.684339,0.373771,0.607889,-0.247196,0.318862,-0.68388
1670332792.479298,0.516104,-0.684964,0.363347,0.612542,-0.24721,0.318471,-0.679893
1670332792.529341,0.51284,-0.682895,0.351468,0.618217,-0.247642,0.317605,-0.674988
1670332792.579315,0.509899,-0.681464,0.337065,0.621833,-0.249232,0.315085,-0.672256
1670332792.629305,0.507226,-0.680533,0.320555,0.623756,-0.251788,0.311193,-0.671334
1670332792.679323,0.505098,-0.681896,0.304257,0.626149,-0.254764,0.307118,-0.669859
1670332792.729409,0.503416,-0.685205,0.288119,0.628932,-0.258094,0.30288,-0.667904
1670332792.779341,0.502312,-0.686058,0.270397,0.63199,-0.261777,0.297243,-0.666114
1670332792.829322,0.501654,-0.684915,0.251326,0.635262,-0.265751,0.290441,-0.664427
1670332792.879327,0.502482,-0.681558,0.231591,0.63855,-0.268893,0.286645,-0.661654
1670332792.929299,0.504555,-0.676382,0.211323,0.641861,-0.271345,0.285355,-0.657996
1670332792.979343,0.50735,-0.671403,0.190445,0.644514,-0.27347,0.286511,-0.654009
1670332793.029318,0.510756,-0.666614,0.169114,0.646599,-0.275309,0.289727,-0.649749
1670332793.079298,0.512487,-0.660946,0.14189,0.647628,-0.277343,0.293096,-0.646339
1670332793.129481,0.512761,-0.654485,0.109418,0.647743,-0.279555,0.296613,-0.64366
1670332793.179327,0.515074,-0.647001,0.0825821,0.647493,-0.282465,0.30059,-0.64079
1670332793.229362,0.519085,-0.638617,0.0601564,0.646929,-0.285972,0.304978,-0.637724
1670332793.279309,0.521894,-0.631599,0.0358811,0.646233,-0.289043,0.309019,-0.635094
1670332793.329315,0.523702,-0.62571,0.00998522,0.645429,-0.291756,0.312781,-0.632826
1670332793.379293,0.52204,-0.618787,-0.016911,0.644893,-0.293679,0.315832,-0.630964
1670332793.429332,0.517391,-0.610954,-0.0447169,0.644595,-0.294929,0.318279,-0.629454
1670332793.479341,0.516958,-0.607398,-0.0734986,0.644917,-0.296002,0.319602,-0.627948
1670332793.529316,0.520039,-0.607403,-0.103091,0.645759,-0.296928,0.319988,-0.626447
1670332793.579365,0.520476,-0.604147,-0.131096,0.646857,-0.29875,0.319227,-0.624835
1670332793.629301,0.518713,-0.598199,-0.15769,0.648156,-0.301306,0.317515,-0.623131
1670332793.679304,0.516656,-0.596255,-0.186783,0.649354,-0.304079,0.315635,-0.62149
1670332793.729312,0.514347,-0.597734,-0.217982,0.65046,-0.307034,0.313612,-0.619903
1670332793.779301,0.51265,-0.599413,-0.244183,0.651205,-0.311905,0.310883,-0.618061
1670332793.829368,0.511432,-0.601262,-0.266364,0.651635,-0.318341,0.307559,-0.615986
1670332793.879299,0.512565,-0.599191,-0.284654,0.652548,-0.32577,0.304085,-0.612852
1670332793.931313,0.515735,-0.593664,-0.300415,0.653887,-0.334365,0.300315,-0.60864
1670332793.979319,0.517434,-0.592523,-0.314351,0.655604,-0.339737,0.298097,-0.604897
1670332794.029311,0.518243,-0.594498,-0.328362,0.657797,-0.343299,0.296801,-0.601131
1670332794.079300,0.520439,-0.595423,-0.338323,0.659149,-0.344765,0.295562,-0.599419
1670332794.129304,0.523787,-0.595482,-0.344969,0.659826,-0.344521,0.294375,-0.599398
1670332794.179309,0.523695,-0.592985,-0.341815,0.660976,-0.343072,0.294151,-0.599073
1670332794.229328,0.520808,-0.588415,-0.330708,0.662504,-0.340641,0.294706,-0.598498
1670332794.279367,0.519991,-0.585788,-0.31437,0.663165,-0.337737,0.295418,-0.59906
1670332794.329437,0.520897,-0.584785,-0.293657,0.663098,-0.334436,0.296259,-0.60057
1670332794.379581,0.522117,-0.583612,-0.271267,0.661212,-0.331488,0.297395,-0.603714
1670332794.429316,0.52357,-0.582324,-0.247685,0.657806,-0.328855,0.298761,-0.608183
1670332794.479270,0.523312,-0.583224,-0.218305,0.653254,-0.32759,0.298968,-0.613647
1670332794.529285,0.521635,-0.585967,-0.184199,0.647743,-0.32745,0.298204,-0.619904
1670332794.579342,0.521635,-0.588961,-0.152703,0.643787,-0.328425,0.297803,-0.62369
1670332794.629289,0.523056,-0.592127,-0.123492,0.641171,-0.330347,0.297718,-0.625408
1670332794.679319,0.526345,-0.591678,-0.0946357,0.639689,-0.333075,0.297935,-0.625375
1670332794.729429,0.531225,-0.588137,-0.0660792,0.639175,-0.336493,0.298409,-0.623843
1670332794.779312,0.536645,-0.586181,-0.0396513,0.638564,-0.339164,0.298367,-0.623042
1670332794.829333,0.542546,-0.585505,-0.0147914,0.637871,-0.341245,0.297905,-0.622836
1670332794.879283,0.54577,-0.584814,0.0143353,0.637355,-0.341708,0.297477,-0.623315
1670332794.929307,0.546796,-0.584109,0.0470551,0.636985,-0.34084,0.297076,-0.62436
1670332794.979277,0.546942,-0.583615,0.0753592,0.635292,-0.338687,0.296952,-0.627308
1670332795.029332,0.546334,-0.583314,0.100041,0.632471,-0.335444,0.29705,-0.631837
1670332795.079299,0.546929,-0.584533,0.125675,0.628358,-0.331197,0.298391,-0.637525
1670332795.129319,0.548464,-0.587023,0.152135,0.623142,-0.326098,0.300734,-0.644138
1670332795.179469,0.543329,-0.590001,0.176626,0.618227,-0.319944,0.302821,-0.650946
1670332795.229307,0.532815,-0.593364,0.199304,0.613576,-0.312976,0.304673,-0.657833
1670332795.279308,0.528915,-0.596599,0.221363,0.610397,-0.306432,0.306152,-0.663163
1670332795.329309,0.530568,-0.5997,0.242852,0.608472,-0.300268,0.307324,-0.667198
1670332795.379276,0.531056,-0.599967,0.257987,0.607438,-0.29521,0.309776,-0.66926
1670332795.429279,0.530576,-0.597811,0.267759,0.607167,-0.29109,0.313321,-0.66966
1670332795.479349,0.527305,-0.59519,0.280205,0.60686,-0.289587,0.314853,-0.669872
1670332795.529555,0.521601,-0.592163,0.295008,0.606531,-0.290371,0.314639,-0.669931
1670332795.579327,0.521132,-0.593521,0.305935,0.606355,-0.291453,0.312911,-0.670429
1670332795.629332,0.524875,-0.598427,0.313868,0.606294,-0.292787,0.309941,-0.671282
1670332795.679303,0.531599,-0.602927,0.320797,0.606534,-0.295324,0.307067,-0.671275
1670332795.729337,0.540892,-0.607085,0.326867,0.607027,-0.298896,0.304266,-0.670523
1670332795.779302,0.54629,-0.610196,0.331771,0.608169,-0.301613,0.302181,-0.669214
1670332795.829336,0.548331,-0.612413,0.335681,0.609877,-0.303598,0.300709,-0.667422
1670332795.879353,0.548174,-0.615361,0.331383,0.610844,-0.30483,0.299472,-0.666532
1670332795.929376,0.546191,-0.618919,0.320247,0.611198,-0.305438,0.298431,-0.666396
1670332795.979358,0.545611,-0.620594,0.314053,0.612096,-0.305962,0.298439,-0.665327
1670332796.029308,0.54619,-0.620719,0.31194,0.613441,-0.306417,0.299313,-0.663483
1670332796.079266,0.54809,-0.618308,0.307573,0.615297,-0.306408,0.299917,-0.661493
1670332796.129293,0.551098,-0.613772,0.301309,0.617582,-0.306008,0.300295,-0.659375
1670332796.179251,0.553903,-0.612074,0.292975,0.620316,-0.307185,0.299354,-0.656682
1670332796.229307,0.556533,-0.612711,0.282907,0.62342,-0.309659,0.29732,-0.653498
1670332796.279279,0.557376,-0.613003,0.271262,0.626188,-0.313091,0.295602,-0.649986
1670332796.331323,0.556678,-0.613013,0.257723,0.628772,-0.317507,0.294083,-0.646027
1670332796.379325,0.560006,-0.612967,0.242007,0.630563,-0.32258,0.29255,-0.642453
1670332796.429327,0.56674,-0.612878,0.222959,0.631929,-0.328683,0.29084,-0.638784
1670332796.479333,0.570067,-0.612128,0.198592,0.633954,-0.334593,0.290381,-0.633899
1670332796.529278,0.570549,-0.610859,0.169848,0.636508,-0.340328,0.290951,-0.627999
1670332796.579314,0.571667,-0.606737,0.139702,0.63905,-0.344755,0.290898,-0.623007
1670332796.629336,0.57333,-0.600212,0.108437,0.64159,-0.348081,0.290326,-0.6188
1670332796.679347,0.573872,-0.597655,0.0813863,0.643221,-0.350196,0.289241,-0.616416
1670332796.729343,0.573528,-0.598265,0.0577174,0.644136,-0.351347,0.287751,-0.615503
1670332796.779454,0.5703,-0.596673,0.0305869,0.646035,-0.351756,0.286626,-0.613801
1670332796.829327,0.564688,-0.593266,0.000755133,0.648736,-0.351542,0.285813,-0.61145
1670332796.879305,0.562848,-0.58849,-0.0297806,0.651915,-0.350763,0.284248,-0.609242
1670332796.929308,0.564214,-0.582563,-0.0608762,0.65549,-0.349501,0.282041,-0.607154
1670332796.979268,0.562526,-0.58254,-0.0872772,0.657662,-0.348633,0.279492,-0.606481
1670332797.029480,0.558354,-0.587305,-0.110012,0.658713,-0.348082,0.276652,-0.606959
1670332797.079370,0.554636,-0.588002,-0.133561,0.65876,-0.347131,0.275146,-0.608137
1670332797.129405,0.551257,-0.585392,-0.157967,0.65799,-0.345844,0.274715,-0.609895
1670332797.179297,0.549875,-0.58442,-0.181077,0.657013,-0.343614,0.274465,-0.612317
1670332797.229349,0.55015,-0.58482,-0.203234,0.655849,-0.340576,0.274362,-0.615301
1670332797.279331,0.548724,-0.584804,-0.225307,0.65573,-0.337569,0.274336,-0.617094
1670332797.329464,0.54594,-0.584453,-0.247405,0.656448,-0.334575,0.274371,-0.617945
1670332797.379323,0.542905,-0.58146,-0.267103,0.658246,-0.332112,0.274892,-0.617129
1670332797.429452,0.539641,-0.576323,-0.285068,0.660926,-0.330049,0.275808,-0.614959
1670332797.479324,0.535565,-0.573397,-0.300264,0.663474,-0.328868,0.276342,-0.612604
1670332797.529407,0.530783,-0.572265,-0.313313,0.665935,-0.328401,0.276568,-0.610076
1670332797.579266,0.528064,-0.570575,-0.32439,0.666995,-0.328567,0.276978,-0.608641
1670332797.629366,0.52703,-0.568403,-0.333929,0.666909,-0.329259,0.277546,-0.608103
1670332797.679299,0.52429,-0.565674,-0.340826,0.666595,-0.330123,0.278391,-0.607592
1670332797.729314,0.520107,-0.562468,-0.345537,0.666088,-0.331134,0.279474,-0.607101
1670332797.779299,0.517497,-0.559978,-0.344984,0.665595,-0.331987,0.280215,-0.606833
1670332797.829501,0.516227,-0.558093,-0.339905,0.665115,-0.332709,0.280666,-0.606757
1670332797.879267,0.51716,-0.555965,-0.329702,0.664544,-0.33325,0.281457,-0.606719
1670332797.929347,0.519911,-0.553609,-0.315158,0.663892,-0.33365,0.282538,-0.606711
1670332797.979297,0.519747,-0.553899,-0.297493,0.663607,-0.334514,0.283108,-0.606281
1670332798.029250,0.517187,-0.556365,-0.277225,0.663623,-0.33576,0.28326,-0.605503
1670332798.079300,0.517731,-0.554649,-0.251217,0.663759,-0.337244,0.283216,-0.604549
1670332798.129356,0.520902,-0.549397,-0.220389,0.663994,-0.338928,0.283005,-0.603446
1670332798.179306,0.526658,-0.547608,-0.185102,0.66352,-0.340255,0.282141,-0.603625
1670332798.229316,0.53454,-0.548638,-0.146076,0.662466,-0.341296,0.280742,-0.604848
1670332798.279297,0.537583,-0.548676,-0.106588,0.660784,-0.341735,0.279921,-0.606816
1670332798.329384,0.536641,-0.547903,-0.0666189,0.658578,-0.341677,0.279573,-0.609401
1670332798.379331,0.537127,-0.546222,-0.0244724,0.656558,-0.340797,0.279533,-0.612087
1670332798.429307,0.538796,-0.543784,0.0196042,0.654682,-0.339231,0.279749,-0.61486
1670332798.479300,0.540713,-0.541034,0.0595573,0.652466,-0.336517,0.281015,-0.618122
1670332798.529350,0.542823,-0.53802,0.0960346,0.649945,-0.332818,0.283167,-0.621788
1670332798.579313,0.545373,-0.537676,0.137322,0.647255,-0.327617,0.285733,-0.626167
1670332798.629295,0.548251,-0.5395,0.182552,0.644397,-0.321182,0.288624,-0.631103
1670332798.679294,0.544386,-0.539735,0.213108,0.640666,-0.312263,0.291479,-0.638027
1670332798.729572,0.534877,-0.53873,0.231746,0.636121,-0.301223,0.294282,-0.646539
1670332798.779326,0.527104,-0.538105,0.257082,0.632552,-0.289141,0.295991,-0.654725
1670332798.829345,0.5206,-0.537819,0.288167,0.629689,-0.276029,0.296821,-0.662719
1670332798.879298,0.512793,-0.537488,0.31033,0.628284,-0.263348,0.297617,-0.668829
1670332798.929316,0.503897,-0.537102,0.325021,0.628113,-0.251005,0.298391,-0.673374
1670332798.979300,0.499161,-0.535955,0.335405,0.628365,-0.242406,0.299642,-0.67573
1670332799.029337,0.497814,-0.534152,0.342381,0.629003,-0.236828,0.301302,-0.676376
1670332799.079425,0.497572,-0.53412,0.344751,0.629418,-0.235455,0.301252,-0.676492
1670332799.129298,0.498231,-0.535517,0.343392,0.629661,-0.237496,0.299821,-0.676188
1670332799.179326,0.49831,-0.536373,0.341188,0.629949,-0.241774,0.297355,-0.675492
1670332799.229311,0.497889,-0.536776,0.338267,0.630253,-0.2479,0.294021,-0.674447
1670332799.279297,0.500179,-0.536315,0.333257,0.630259,-0.253056,0.292329,-0.673261
1670332799.329242,0.504772,-0.535125,0.326484,0.630022,-0.257387,0.292038,-0.671966
1670332799.379337,0.50631,-0.5351,0.31884,0.629874,-0.261052,0.290959,-0.671159
1670332799.429343,0.505333,-0.536026,0.310515,0.629801,-0.264154,0.289238,-0.670757
1670332799.479304,0.508292,-0.537433,0.300829,0.630152,-0.26682,0.287601,-0.670075
1670332799.529584,0.514506,-0.539246,0.289954,0.630854,-0.269147,0.286022,-0.66916
1670332799.579265,0.515689,-0.539927,0.275672,0.632594,-0.270998,0.286227,-0.666677
1670332799.629320,0.512783,-0.539713,0.258362,0.635202,-0.27249,0.287889,-0.662863
1670332799.679344,0.51105,-0.539204,0.23928,0.637945,-0.274596,0.288284,-0.659178
1670332799.729351,0.510296,-0.538445,0.218697,0.6408,-0.277217,0.287608,-0.655598
1670332799.779288,0.513758,-0.538236,0.195969,0.643425,-0.281454,0.286314,-0.651776
1670332799.829288,0.520615,-0.538477,0.171441,0.645855,-0.286999,0.28451,-0.647732
1670332799.879339,0.523662,-0.536288,0.140167,0.648978,-0.292749,0.282027,-0.643107
1670332799.929322,0.523538,-0.532112,0.103394,0.652644,-0.298646,0.278981,-0.637993
1670332799.979350,0.522362,-0.528434,0.0655112,0.657181,-0.303303,0.276148,-0.632347
1670332800.029315,0.520311,-0.525194,0.0267908,0.662416,-0.306923,0.273492,-0.626263
1670332800.079275,0.519795,-0.522416,-0.00943789,0.666032,-0.309626,0.269817,-0.622681
1670332800.129358,0.52053,-0.519974,-0.0437475,0.668374,-0.311605,0.265323,-0.621113
1670332800.179332,0.519206,-0.520648,-0.0780208,0.670306,-0.311995,0.260528,-0.620866
1670332800.234798,0.51589,-0.524198,-0.116087,0.672083,-0.311002,0.254924,-0.621769
1670332800.279267,0.515915,-0.523759,-0.145913,0.674299,-0.308795,0.252251,-0.621559
1670332800.329565,0.517807,-0.520987,-0.17918,0.677353,-0.305313,0.250494,-0.620669
1670332800.379290,0.51673,-0.518828,-0.208601,0.681208,-0.299839,0.249673,-0.619448
1670332800.430814,0.513079,-0.517116,-0.23614,0.685888,-0.29241,0.249598,-0.617863
1670332800.479274,0.506154,-0.517354,-0.25937,0.688342,-0.286939,0.248346,-0.618204
1670332800.529357,0.49631,-0.519014,-0.281308,0.689392,-0.282454,0.246149,-0.619975
1670332800.579283,0.491127,-0.521668,-0.295327,0.689605,-0.279702,0.244866,-0.621492
1670332800.629334,0.489673,-0.525125,-0.303047,0.689155,-0.278333,0.244314,-0.622822
1670332800.679420,0.488892,-0.5265,-0.309679,0.689177,-0.278378,0.244963,-0.622523
1670332800.729398,0.488657,-0.526193,-0.315412,0.689578,-0.279566,0.24658,-0.620905
1670332800.779426,0.489745,-0.525205,-0.317037,0.68953,-0.282921,0.247511,-0.619066
1670332800.829276,0.491888,-0.523682,-0.315338,0.689103,-0.288012,0.247876,-0.617044
1670332800.879411,0.49541,-0.52084,-0.310944,0.688025,-0.292662,0.249643,-0.615344
1670332800.929275,0.500048,-0.516931,-0.304329,0.686408,-0.296895,0.252567,-0.613928
1670332800.979304,0.498612,-0.518201,-0.294998,0.6845,-0.300325,0.254631,-0.613537
1670332801.029362,0.491972,-0.523906,-0.283358,0.682352,-0.303063,0.255956,-0.614032
1670332801.079331,0.492733,-0.523454,-0.27167,0.680407,-0.304561,0.256861,-0.61507
1670332801.129403,0.49952,-0.517987,-0.2599,0.678622,-0.305058,0.25743,-0.616556
1670332801.179301,0.50719,-0.516954,-0.24942,0.677112,-0.305335,0.257171,-0.618186
1670332801.229273,0.515611,-0.519522,-0.239945,0.675817,-0.305433,0.256235,-0.61994
1670332801.279273,0.52233,-0.523802,-0.228598,0.673905,-0.306961,0.255776,-0.621455
1670332801.329293,0.527619,-0.529524,-0.215687,0.67147,-0.309685,0.255716,-0.622762
1670332801.379324,0.533001,-0.538854,-0.204153,0.66782,-0.313845,0.256679,-0.624206
1670332801.429347,0.538441,-0.551153,-0.193761,0.663157,-0.319164,0.25847,-0.62574
1670332801.479555,0.545145,-0.568461,-0.183438,0.656866,-0.324878,0.259673,-0.628929
1670332801.530678,0.552991,-0.590244,-0.173041,0.649087,-0.330988,0.260389,-0.633506
1670332801.579297,0.561994,-0.615279,-0.165384,0.644991,-0.332942,0.26037,-0.636666
1670332801.629557,0.572533,-0.64453,-0.159204,0.643403,-0.331932,0.259811,-0.639024
1670332801.679310,0.5882,-0.675119,-0.154332,0.645586,-0.327608,0.260361,-0.63883
1670332801.729275,0.608167,-0.707189,-0.150483,0.650781,-0.320556,0.261793,-0.636547
1670332801.779274,0.618578,-0.741031,-0.147228,0.65484,-0.31395,0.265203,-0.634262
1670332801.829342,0.621132,-0.776345,-0.144452,0.657958,-0.307703,0.270242,-0.631965
1670332801.879242,0.630563,-0.809393,-0.14098,0.65873,-0.303617,0.276002,-0.630647
1670332801.929709,0.645835,-0.841017,-0.136854,0.657567,-0.301275,0.282444,-0.630131
1670332801.979274,0.660152,-0.872886,-0.137247,0.655329,-0.301136,0.288357,-0.62985
1670332802.029399,0.674052,-0.905802,-0.141317,0.652156,-0.302781,0.293992,-0.62975
1670332802.079334,0.685601,-0.939515,-0.141161,0.649335,-0.306271,0.29772,-0.629225
1670332802.129246,0.695214,-0.973994,-0.137483,0.6468,-0.311316,0.299861,-0.628344
1670332802.179268,0.70563,-1.00488,-0.133761,0.64609,-0.316019,0.302874,-0.625274
1670332802.229322,0.716674,-1.03283,-0.13,0.646845,-0.320431,0.306584,-0.620421
1670332802.279269,0.725847,-1.05668,-0.127881,0.647994,-0.325173,0.310614,-0.614724
1670332802.329385,0.73351,-1.07731,-0.127099,0.64945,-0.330199,0.314917,-0.608285
1670332802.379340,0.741087,-1.09499,-0.124485,0.650326,-0.335497,0.317431,-0.603122
1670332802.429304,0.748614,-1.11033,-0.120399,0.650744,-0.341033,0.318515,-0.59898
1670332802.479295,0.754844,-1.12696,-0.114062,0.648992,-0.346362,0.320633,-0.596688
1670332802.529262,0.759978,-1.14467,-0.105848,0.645422,-0.351511,0.323613,-0.595941
1670332802.579300,0.763824,-1.16087,-0.102513,0.641791,-0.355799,0.328131,-0.594846
1670332802.629290,0.766607,-1.17583,-0.103101,0.638108,-0.359377,0.333872,-0.593461
1670332802.679271,0.767947,-1.18569,-0.102172,0.635392,-0.363712,0.337414,-0.591728
1670332802.729327,0.768124,-1.1914,-0.100022,0.633464,-0.368672,0.339176,-0.589714
1670332802.779316,0.769376,-1.19612,-0.0975362,0.631908,-0.373362,0.339187,-0.588426
1670332802.829301,0.771496,-1.20004,-0.0947839,0.630648,-0.377839,0.337799,-0.587717
1670332802.879298,0.773567,-1.20142,-0.0910152,0.630286,-0.380501,0.337591,-0.586507
1670332802.929284,0.775603,-1.20074,-0.0864193,0.630655,-0.3817,0.338339,-0.584898
1670332802.979342,0.776402,-1.19863,-0.0854943,0.631039,-0.381304,0.339531,-0.584051
1670332803.029273,0.776192,-1.19537,-0.0875669,0.631432,-0.37961,0.341078,-0.583828
1670332803.079304,0.772412,-1.18952,-0.0907155,0.631687,-0.378506,0.341546,-0.583996
1670332803.129333,0.765824,-1.18165,-0.0947065,0.631834,-0.377871,0.341162,-0.584472
1670332803.179445,0.763915,-1.17475,-0.0978938,0.632204,-0.376927,0.340491,-0.585072
1670332803.229310,0.765712,-1.16868,-0.100427,0.632746,-0.375746,0.339595,-0.585766
1670332803.279292,0.761416,-1.15762,-0.104886,0.633334,-0.37466,0.339066,-0.586133
1670332803.329285,0.752298,-1.14261,-0.110866,0.633957,-0.373651,0.338828,-0.586242
1670332803.379330,0.740921,-1.12335,-0.116114,0.633874,-0.373391,0.338382,-0.586754
1670332803.429318,0.727715,-1.10063,-0.120749,0.633213,-0.373746,0.337766,-0.587596
1670332803.479300,0.720531,-1.07497,-0.125453,0.633332,-0.373736,0.337114,-0.587849
1670332803.529391,0.718376,-1.04678,-0.130223,0.634105,-0.37342,0.336429,-0.587609
1670332803.579334,0.711092,-1.01603,-0.138689,0.63536,-0.372192,0.336866,-0.586781
1670332803.629274,0.699711,-0.983155,-0.150117,0.636997,-0.370233,0.338194,-0.58548
1670332803.679343,0.687674,-0.947682,-0.158764,0.63735,-0.369271,0.33927,-0.585081
1670332803.729291,0.675158,-0.910252,-0.165108,0.636661,-0.369127,0.340136,-0.585419
1670332803.779290,0.66412,-0.871303,-0.168191,0.634647,-0.369881,0.34146,-0.586359
1670332803.829242,0.654278,-0.831214,-0.168659,0.631567,-0.371348,0.343145,-0.587772
1670332803.879269,0.638319,-0.787277,-0.167068,0.62778,-0.373574,0.343972,-0.58993
1670332803.929343,0.617372,-0.740226,-0.163806,0.623407,-0.376411,0.344095,-0.592686
1670332803.979345,0.599175,-0.697741,-0.158469,0.621196,-0.376895,0.344395,-0.594523
1670332804.029291,0.583223,-0.65896,-0.151433,0.620757,-0.375468,0.344847,-0.595621
1670332804.079300,0.566782,-0.612106,-0.144666,0.621913,-0.372684,0.345464,-0.595807
1670332804.129323,0.549946,-0.558578,-0.138136,0.624384,-0.368768,0.346211,-0.595224
1670332804.179266,0.534897,-0.512196,-0.130267,0.626438,-0.365924,0.340892,-0.597887
1670332804.229323,0.521182,-0.471419,-0.121247,0.628104,-0.363894,0.330655,-0.603104
1670332804.279278,0.506148,-0.435543,-0.106643,0.628268,-0.364002,0.318731,-0.609255
1670332804.329471,0.48997,-0.403381,-0.0874371,0.627167,-0.365791,0.305346,-0.616135
1670332804.379339,0.475874,-0.371178,-0.0723906,0.625876,-0.369056,0.294363,-0.620828
1670332804.429258,0.463404,-0.338703,-0.0606877,0.624453,-0.373566,0.285289,-0.623792
1670332804.479345,0.450426,-0.311568,-0.0496412,0.623736,-0.376958,0.277978,-0.625767
1670332804.529307,0.437104,-0.288858,-0.03918,0.62361,-0.379446,0.27213,-0.626959
1670332804.579317,0.429101,-0.263771,-0.032047,0.625542,-0.379176,0.266608,-0.627569
1670332804.629335,0.425435,-0.236773,-0.0276436,0.629153,-0.376643,0.261355,-0.627695
1670332804.679285,0.417806,-0.215016,-0.0241513,0.632945,-0.371641,0.256516,-0.628859
1670332804.729373,0.406837,-0.197546,-0.0214174,0.636876,-0.364561,0.25199,-0.630861
1670332804.779423,0.395133,-0.183596,-0.0178164,0.640305,-0.357707,0.247442,-0.63311
1670332804.829353,0.382868,-0.172424,-0.0135446,0.643328,-0.351038,0.242881,-0.635539
1670332804.879267,0.373326,-0.158478,-0.0118839,0.645552,-0.344604,0.240431,-0.637733
1670332804.929321,0.365952,-0.142247,-0.0123258,0.647148,-0.338344,0.239674,-0.639749
1670332804.979268,0.359528,-0.130681,-0.0110304,0.648111,-0.333205,0.239726,-0.64145
1670332805.029376,0.353842,-0.122788,-0.00833257,0.648578,-0.328942,0.240429,-0.642913
1670332805.079268,0.345936,-0.11508,-0.00731014,0.649535,-0.324911,0.241622,-0.64355
1670332805.129379,0.33617,-0.107461,-0.00764152,0.650895,-0.321035,0.243221,-0.643518
1670332805.179270,0.333266,-0.102307,-0.0123258,0.651941,-0.317844,0.243319,-0.644007
1670332805.229319,0.33597,-0.0991436,-0.0206094,0.652737,-0.315193,0.242185,-0.64493
1670332805.279332,0.336034,-0.0986479,-0.0228986,0.65266,-0.314097,0.241682,-0.64573
1670332805.329343,0.333894,-0.100379,-0.0201736,0.651857,-0.314302,0.241707,-0.646432
1670332805.379310,0.333006,-0.10316,-0.0193786,0.650832,-0.314824,0.241552,-0.647268
1670332805.429298,0.333123,-0.106788,-0.0201344,0.649628,-0.3156,0.241252,-0.648211
1670332805.479296,0.332248,-0.112478,-0.0231832,0.648324,-0.316168,0.240788,-0.649411
1670332805.529376,0.33057,-0.119845,-0.0280893,0.646937,-0.316568,0.240192,-0.650819
1670332805.579328,0.334013,-0.130551,-0.0294298,0.645877,-0.317194,0.240803,-0.651341
1670332805.629312,0.34171,-0.144056,-0.0278168,0.645084,-0.318009,0.242416,-0.651131
1670332805.679332,0.350077,-0.158832,-0.0285549,0.644082,-0.319265,0.245138,-0.650488
1670332805.729338,0.358974,-0.174633,-0.0311936,0.642905,-0.320874,0.248753,-0.649488
1670332805.779279,0.369588,-0.190565,-0.0366368,0.641808,-0.323379,0.252872,-0.647737
1670332805.829345,0.381615,-0.206677,-0.0443626,0.64076,-0.326612,0.257408,-0.645363
1670332805.879269,0.393664,-0.228028,-0.0510185,0.64043,-0.329302,0.26088,-0.642924
1670332805.936464,0.407526,-0.257435,-0.0576646,0.640728,-0.331886,0.263876,-0.640069
1670332805.979357,0.41686,-0.279938,-0.0633246,0.640727,-0.332342,0.265562,-0.639136
1670332806.029407,0.427059,-0.306483,-0.0703725,0.640581,-0.331903,0.267165,-0.638842
1670332806.079344,0.43643,-0.337707,-0.0820937,0.640287,-0.329188,0.268433,-0.64001
1670332806.129293,0.445159,-0.372657,-0.0975005,0.639864,-0.324682,0.269436,-0.642309
1670332806.179308,0.454538,-0.407454,-0.110926,0.642088,-0.32036,0.269436,-0.642259
1670332806.229270,0.464412,-0.442079,-0.122772,0.646381,-0.316188,0.268643,-0.64035
1670332806.279417,0.478185,-0.479788,-0.128628,0.649524,-0.313111,0.267461,-0.639175
1670332806.329316,0.49496,-0.519649,-0.129654,0.651735,-0.310937,0.265983,-0.638602
1670332806.379352,0.509435,-0.559541,-0.132097,0.652739,-0.308534,0.266043,-0.638717
1670332806.429302,0.521986,-0.599299,-0.135682,0.652761,-0.305953,0.267351,-0.63939
1670332806.479254,0.536003,-0.639428,-0.138349,0.653553,-0.304093,0.2685,-0.638986
1670332806.529283,0.551269,-0.67993,-0.14025,0.654992,-0.302834,0.269518,-0.637681
1670332806.579337,0.567111,-0.722405,-0.135914,0.65626,-0.302302,0.269947,-0.636447
1670332806.629318,0.583378,-0.766365,-0.126632,0.657389,-0.302351,0.269908,-0.635274
1670332806.679295,0.5989,-0.810933,-0.120113,0.658431,-0.302139,0.272201,-0.633315
1670332806.729438,0.61388,-0.856144,-0.115769,0.659393,-0.301715,0.276357,-0.630711
1670332806.779294,0.625503,-0.89458,-0.109629,0.660595,-0.301041,0.282619,-0.626989
1670332806.829342,0.634592,-0.92805,-0.102013,0.66196,-0.30015,0.290568,-0.622326
1670332806.879303,0.640868,-0.95704,-0.0955459,0.662346,-0.300414,0.30041,-0.617093
1670332806.929377,0.644886,-0.982592,-0.0899357,0.6619,-0.301579,0.311777,-0.611338
1670332806.979338,0.651517,-1.00715,-0.0770399,0.659177,-0.305567,0.321031,-0.607498
1670332807.029380,0.660241,-1.03101,-0.058236,0.654602,-0.311853,0.328607,-0.605196
1670332807.079306,0.668017,-1.05136,-0.0465226,0.650011,-0.31982,0.335149,-0.602392
1670332807.129362,0.675028,-1.069,-0.0405042,0.645357,-0.329164,0.340868,-0.599145
1670332807.179416,0.683588,-1.08342,-0.0345319,0.641468,-0.338625,0.345433,-0.595422
1670332807.229277,0.693365,-1.09518,-0.028633,0.638211,-0.348138,0.349035,-0.591322
1670332807.279346,0.70366,-1.10718,-0.0245884,0.634395,-0.355761,0.352632,-0.588751
1670332807.329329,0.714326,-1.1193,-0.0220202,0.630172,-0.361859,0.356212,-0.587414
1670332807.379331,0.719227,-1.12687,-0.0189645,0.627551,-0.36575,0.358764,-0.586255
1670332807.429368,0.719559,-1.13078,-0.0155089,0.626228,-0.367893,0.360509,-0.585258
1670332807.479330,0.720858,-1.13259,-0.0150441,0.625791,-0.368405,0.360183,-0.585604
1670332807.529865,0.722951,-1.13274,-0.0169634,0.626057,-0.367619,0.358196,-0.58703
1670332807.579333,0.72345,-1.13349,-0.0177357,0.626876,-0.366736,0.355714,-0.588217
1670332807.629317,0.722703,-1.13473,-0.0176248,0.628148,-0.36575,0.352772,-0.589244
1670332807.679326,0.721287,-1.13157,-0.0207997,0.629732,-0.364983,0.350107,-0.589618
1670332807.729424,0.71934,-1.12495,-0.0265649,0.631564,-0.364385,0.347656,-0.58948
1670332807.779342,0.718376,-1.11658,-0.0295291,0.632425,-0.363761,0.345154,-0.590411
1670332807.829301,0.718199,-1.10677,-0.0302557,0.632511,-0.363113,0.342601,-0.592202
1670332807.879345,0.716507,-1.0929,-0.0312021,0.632674,-0.362285,0.340856,-0.593541
1670332807.929322,0.713618,-1.07584,-0.032322,0.632901,-0.361318,0.339756,-0.594519
1670332807.979297,0.705894,-1.05967,-0.0367061,0.634253,-0.359768,0.338294,-0.594851
1670332808.029639,0.694263,-1.04409,-0.04372,0.636504,-0.357742,0.336529,-0.594668
1670332808.079295,0.68532,-1.02177,-0.0510599,0.638787,-0.354921,0.334642,-0.594977
1670332808.129320,0.678331,-0.993722,-0.0587963,0.641129,-0.351414,0.332618,-0.595674
1670332808.179319,0.671593,-0.963499,-0.0685779,0.642571,-0.346992,0.331345,-0.597419
1670332808.229356,0.665043,-0.93146,-0.0800582,0.643268,-0.341809,0.330682,-0.600018
1670332808.279321,0.655079,-0.895117,-0.0887212,0.642249,-0.338667,0.330123,-0.603192
1670332808.329620,0.642328,-0.855069,-0.0952047,0.639857,-0.337125,0.329643,-0.606848
1670332808.379306,0.627281,-0.816031,-0.103199,0.637222,-0.337699,0.329609,-0.609316
1670332808.429377,0.610163,-0.777105,-0.112528,0.634347,-0.339949,0.329924,-0.610892
1670332808.479303,0.595572,-0.735032,-0.11963,0.6315,-0.342699,0.328687,-0.612968
1670332808.529324,0.582967,-0.690238,-0.124964,0.628653,-0.34586,0.326186,-0.61545
1670332808.579305,0.570424,-0.646535,-0.127879,0.627772,-0.347645,0.322955,-0.617046
1670332808.629445,0.557878,-0.603541,-0.128839,0.62848,-0.348327,0.319122,-0.617934
1670332808.679330,0.543323,-0.561541,-0.124985,0.629132,-0.346943,0.317275,-0.619
1670332808.729323,0.527137,-0.520053,-0.117419,0.629746,-0.343965,0.316939,-0.620208
1670332808.779316,0.509503,-0.47667,-0.110379,0.62949,-0.341618,0.31574,-0.622373
1670332808.829281,0.490715,-0.431797,-0.10376,0.628532,-0.339778,0.313845,-0.6253
1670332808.879359,0.473316,-0.393925,-0.092294,0.627726,-0.338926,0.307239,-0.629836
1670332808.929309,0.457107,-0.361947,-0.0768965,0.626982,-0.338849,0.296799,-0.635599
1670332808.979271,0.445775,-0.33218,-0.0624832,0.626013,-0.338437,0.284534,-0.642346
1670332809.029353,0.43821,-0.304125,-0.0487677,0.624794,-0.337727,0.270787,-0.649805
1670332809.079298,0.426835,-0.275699,-0.0355921,0.625887,-0.336387,0.257754,-0.65473
1670332809.129339,0.412347,-0.246851,-0.0227889,0.628821,-0.334543,0.245239,-0.657665
1670332809.179305,0.401219,-0.223335,-0.0119878,0.632419,-0.329939,0.233614,-0.660765
1670332809.229340,0.392746,-0.204148,-0.00279556,0.636535,-0.32307,0.222673,-0.663977
1670332809.279266,0.384866,-0.188283,0.00189606,0.638853,-0.315676,0.213241,-0.668389
1670332809.329326,0.377417,-0.174974,0.00307781,0.639765,-0.307836,0.204945,-0.673748
1670332809.379280,0.368216,-0.161853,0.00355755,0.641214,-0.300716,0.197979,-0.677656
1670332809.429339,0.35759,-0.148812,0.00347153,0.643113,-0.29415,0.192051,-0.680439
1670332809.479273,0.351602,-0.141253,0.00572869,0.645445,-0.288792,0.187231,-0.681869
1670332809.529435,0.349254,-0.13797,0.00985436,0.648147,-0.284359,0.183259,-0.682247
1670332809.579411,0.347467,-0.137011,0.012292,0.649553,-0.281963,0.18193,-0.68226
1670332809.629353,0.346141,-0.137898,0.0133804,0.649935,-0.281206,0.182728,-0.681996
1670332809.679293,0.3444,-0.140556,0.0124319,0.649577,-0.28171,0.184385,-0.681682
1670332809.729313,0.34231,-0.14468,0.00980746,0.648607,-0.283249,0.18675,-0.681325
1670332809.779296,0.34618,-0.150874,0.00801578,0.647961,-0.285353,0.189364,-0.68034
1670332809.829316,0.355018,-0.158811,0.00691579,0.647579,-0.287931,0.192186,-0.678824
1670332809.879335,0.360551,-0.170001,0.00203007,0.647657,-0.289907,0.194689,-0.677193
1670332809.929344,0.363371,-0.183859,-0.00596362,0.648114,-0.29139,0.196929,-0.675469
1670332809.979302,0.375197,-0.199094,-0.012525,0.648683,-0.292492,0.201054,-0.673228
1670332810.029311,0.394076,-0.215443,-0.0179703,0.649324,-0.293291,0.206653,-0.670562
1670332810.079329,0.406311,-0.236255,-0.0258549,0.649701,-0.295356,0.212488,-0.66746
1670332810.129349,0.413179,-0.260684,-0.0357007,0.649849,-0.298434,0.218509,-0.663993
1670332810.179347,0.429913,-0.291653,-0.0464875,0.650066,-0.30153,0.223967,-0.660555
1670332810.229351,0.454515,-0.327851,-0.0580299,0.650336,-0.30464,0.228977,-0.657135
1670332810.279387,0.470517,-0.36513,-0.0725781,0.650555,-0.307161,0.234443,-0.65381
1670332810.329405,0.479531,-0.403253,-0.0895434,0.650725,-0.309198,0.24027,-0.650556
1670332810.379296,0.493136,-0.447931,-0.0998907,0.650951,-0.308997,0.243493,-0.649226
1670332810.429325,0.510385,-0.497902,-0.105148,0.651235,-0.30706,0.244712,-0.649402
1670332810.479352,0.527956,-0.548286,-0.109255,0.653978,-0.30276,0.245369,-0.648416
1670332810.529302,0.545747,-0.598951,-0.112477,0.658621,-0.296591,0.245573,-0.646488
1670332810.579331,0.561302,-0.64494,-0.114355,0.662965,-0.289827,0.247127,-0.64452
1670332810.629309,0.575056,-0.687119,-0.115178,0.667043,-0.282601,0.249741,-0.64251
1670332810.679273,0.587342,-0.734156,-0.115195,0.66981,-0.275856,0.252438,-0.641508
1670332810.729442,0.598475,-0.78536,-0.114548,0.67152,-0.269477,0.255216,-0.641333
1670332810.779309,0.611405,-0.830174,-0.112297,0.671473,-0.265637,0.261062,-0.640631
1670332810.829356,0.62581,-0.870446,-0.108759,0.670053,-0.26371,0.269307,-0.6395
1670332810.879336,0.639514,-0.904944,-0.104692,0.668549,-0.265207,0.279025,-0.636281
1670332810.929317,0.652644,-0.935015,-0.100174,0.666921,-0.269376,0.289887,-0.631363
1670332810.979255,0.663586,-0.962351,-0.0907966,0.66606,-0.27642,0.299819,-0.624552
1670332811.029371,0.672755,-0.987701,-0.0774892,0.665749,-0.285778,0.309016,-0.616132
1670332811.079243,0.684141,-1.00966,-0.0662764,0.664498,-0.295393,0.317712,-0.608477
1670332811.129310,0.697382,-1.02905,-0.0566821,0.662455,-0.30528,0.326061,-0.601367
1670332811.179414,0.707033,-1.04685,-0.0504732,0.659255,-0.313101,0.334106,-0.596426
1670332811.229342,0.713854,-1.0633,-0.0469246,0.655183,-0.319286,0.341889,-0.593215
1670332811.279298,0.717748,-1.07598,-0.0433954,0.651937,-0.3234,0.348198,-0.590888
1670332811.329289,0.719347,-1.08565,-0.0398809,0.649371,-0.325883,0.353353,-0.589287
1670332811.379296,0.722088,-1.09423,-0.0348944,0.648083,-0.327347,0.356401,-0.588057
1670332811.429388,0.72576,-1.10196,-0.0287299,0.647826,-0.328006,0.357777,-0.587136
1670332811.479360,0.728933,-1.10647,-0.0251078,0.647099,-0.328258,0.358973,-0.587067
1670332811.529944,0.731751,-1.10848,-0.0234771,0.645985,-0.328185,0.360041,-0.587681
1670332811.579337,0.732896,-1.10479,-0.0233985,0.645303,-0.32806,0.360698,-0.588096
1670332811.629271,0.732774,-1.09657,-0.0245232,0.64494,-0.32789,0.361057,-0.58837
1670332811.679349,0.73137,-1.08988,-0.0273176,0.645533,-0.32746,0.359103,-0.589153
1670332811.729416,0.728963,-1.0844,-0.0313994,0.646863,-0.326824,0.355349,-0.590324
1670332811.779346,0.725466,-1.07871,-0.0334984,0.64826,-0.325916,0.351093,-0.591838
1670332811.829307,0.721118,-1.07285,-0.0340818,0.649705,-0.324794,0.346438,-0.593611
1670332811.879301,0.720271,-1.06018,-0.0362292,0.649855,-0.324641,0.343537,-0.595214
1670332811.929344,0.722177,-1.04217,-0.0396096,0.648996,-0.325252,0.342015,-0.596692
1670332811.979839,0.716459,-1.02307,-0.0459806,0.647202,-0.325603,0.342531,-0.598151
1670332812.029281,0.705013,-1.00366,-0.0544813,0.644732,-0.325743,0.344602,-0.599551
1670332812.079317,0.696257,-0.975614,-0.0652255,0.645094,-0.325333,0.344708,-0.599323
1670332812.129301,0.689746,-0.940957,-0.0776536,0.647718,-0.324488,0.34324,-0.597793
1670332812.179355,0.679093,-0.908075,-0.0906752,0.649238,-0.322974,0.340675,-0.59843
1670332812.229604,0.665153,-0.876502,-0.104193,0.649888,-0.320929,0.337238,-0.600766
1670332812.279306,0.650117,-0.836866,-0.114834,0.649,-0.319501,0.335252,-0.603592
1670332812.329382,0.633966,-0.790176,-0.123362,0.646873,-0.31854,0.334388,-0.606854
1670332812.379302,0.619739,-0.745296,-0.13173,0.643659,-0.318172,0.33611,-0.609508
1670332812.429394,0.606883,-0.701548,-0.140026,0.63958,-0.318251,0.339817,-0.611701
1670332812.479318,0.5932,-0.65662,-0.138858,0.635996,-0.320916,0.342167,-0.612735
1670332812.529311,0.57882,-0.610602,-0.130337,0.632779,-0.3256,0.343467,-0.612867
1670332812.579304,0.561638,-0.561204,-0.124882,0.627928,-0.332097,0.343059,-0.614596
1670332812.629307,0.542206,-0.50912,-0.121921,0.621726,-0.340023,0.341259,-0.617563
1670332812.679327,0.525647,-0.462155,-0.114721,0.615874,-0.346064,0.335722,-0.623081
1670332812.729272,0.511431,-0.41937,-0.104128,0.610266,-0.350567,0.327197,-0.630572
1670332812.779474,0.500026,-0.383411,-0.0895387,0.608691,-0.351478,0.313608,-0.638442
1670332812.829332,0.490766,-0.353081,-0.071962,0.610075,-0.349587,0.296267,-0.646392
1670332812.879306,0.480541,-0.328671,-0.0541378,0.613506,-0.343268,0.279232,-0.654069
1670332812.929305,0.469449,-0.308941,-0.0361481,0.61839,-0.333544,0.262411,-0.661425
1670332812.979290,0.460261,-0.287236,-0.0249771,0.621279,-0.32202,0.250012,-0.669186
1670332813.029330,0.452531,-0.26401,-0.0191428,0.622633,-0.309098,0.241018,-0.677272
1670332813.079298,0.439164,-0.244393,-0.0115174,0.624831,-0.298067,0.232955,-0.682989
1670332813.129497,0.42143,-0.227395,-0.0024735,0.627711,-0.288434,0.225568,-0.686953
1670332813.179317,0.411862,-0.212535,0.00486686,0.632154,-0.278646,0.217841,-0.689407
1670332813.229256,0.408398,-0.199233,0.0109548,0.637785,-0.268644,0.209779,-0.69069
1670332813.279270,0.402004,-0.189254,0.0155403,0.641917,-0.260246,0.204322,-0.691713
1670332813.329390,0.393349,-0.181816,0.0189546,0.644915,-0.253111,0.200908,-0.692572
1670332813.379351,0.387716,-0.176562,0.0189879,0.646909,-0.248162,0.199039,-0.693042
1670332813.429342,0.384498,-0.173008,0.0163301,0.648129,-0.244952,0.198407,-0.693226
1670332813.479597,0.383573,-0.171655,0.0148959,0.648782,-0.243947,0.198625,-0.692907
1670332813.529313,0.384514,-0.172094,0.0144749,0.648971,-0.24474,0.199529,-0.69219
1670332813.579348,0.388524,-0.177444,0.0105791,0.649524,-0.246337,0.200898,-0.690708
1670332813.629426,0.395096,-0.186913,0.00377473,0.650374,-0.248601,0.202651,-0.688581
1670332813.679303,0.40281,-0.196776,-0.000214163,0.651741,-0.251698,0.205193,-0.685403
1670332813.729321,0.411466,-0.207033,-0.0020017,0.653508,-0.255464,0.208369,-0.681357
1670332813.779299,0.422096,-0.221706,-0.00665022,0.655188,-0.258797,0.212544,-0.677184
1670332813.829340,0.434325,-0.239948,-0.0135865,0.656788,-0.261786,0.217521,-0.672891
1670332813.879304,0.442758,-0.261558,-0.0224041,0.656957,-0.264955,0.223147,-0.669636
1670332813.929658,0.448159,-0.28612,-0.0328311,0.655949,-0.268297,0.229352,-0.667192
1670332813.979308,0.459159,-0.311384,-0.0417474,0.654006,-0.272598,0.2346,-0.665529
1670332814.029322,0.474607,-0.337653,-0.0496871,0.651308,-0.277703,0.239212,-0.664422
1670332814.079308,0.49027,-0.371838,-0.0592081,0.649406,-0.28266,0.244163,-0.662389
1670332814.129336,0.506115,-0.41236,-0.0699902,0.648122,-0.287502,0.249385,-0.659611
1670332814.179317,0.518891,-0.457431,-0.0826783,0.64695,-0.29078,0.254694,-0.657293
1670332814.229280,0.52917,-0.506224,-0.0969204,0.645872,-0.292783,0.260076,-0.655354
1670332814.279350,0.540592,-0.559304,-0.104987,0.644954,-0.294276,0.265418,-0.653444
1670332814.329321,0.552857,-0.615507,-0.108238,0.644161,-0.295366,0.270707,-0.651562
1670332814.379440,0.564713,-0.664549,-0.113942,0.645557,-0.296365,0.277624,-0.646799
1670332814.429269,0.576156,-0.707679,-0.121491,0.648592,-0.297259,0.285729,-0.639785
1670332814.479292,0.587132,-0.750869,-0.122708,0.651896,-0.297927,0.292788,-0.632888
1670332814.529310,0.597689,-0.793974,-0.118736,0.655409,-0.298404,0.298966,-0.62611
1670332814.579334,0.607935,-0.83318,-0.114295,0.657351,-0.299617,0.306357,-0.61989
1670332814.629897,0.618027,-0.869738,-0.109415,0.658055,-0.301414,0.314774,-0.614028
1670332814.679257,0.627714,-0.903825,-0.105516,0.659284,-0.304419,0.322738,-0.607053
1670332814.729473,0.637414,-0.937289,-0.102224,0.660927,-0.308446,0.330624,-0.598936
1670332814.779325,0.648474,-0.966601,-0.0946959,0.662,-0.314454,0.337948,-0.590479
1670332814.829298,0.660648,-0.992908,-0.0837537,0.662591,-0.322062,0.344865,-0.581651
1670332814.879270,0.667206,-1.01456,-0.0735868,0.661405,-0.330491,0.351979,-0.57396
1670332814.929341,0.669095,-1.03244,-0.0640489,0.658726,-0.339603,0.359256,-0.567173
1670332814.979316,0.675984,-1.05047,-0.0529867,0.655133,-0.347685,0.365843,-0.562206
1670332815.029323,0.686819,-1.06867,-0.040711,0.650824,-0.354977,0.371904,-0.558665
1670332815.079408,0.693211,-1.08138,-0.0351226,0.647085,-0.360776,0.377355,-0.555631
1670332815.129438,0.696105,-1.08974,-0.0348072,0.643816,-0.365391,0.382317,-0.553014
1670332815.179329,0.697456,-1.09891,-0.0346351,0.64111,-0.369085,0.384836,-0.551956
1670332815.229301,0.697606,-1.10873,-0.0345843,0.638859,-0.372067,0.385425,-0.552153
1670332815.279337,0.698247,-1.11437,-0.0334064,0.637162,-0.374105,0.385545,-0.552652
1670332815.329333,0.699268,-1.11681,-0.0313639,0.635898,-0.375417,0.385306,-0.553385
1670332815.379356,0.699467,-1.11635,-0.0315653,0.635357,-0.375925,0.38479,-0.55402
1670332815.429329,0.699027,-1.11365,-0.0335154,0.635384,-0.375806,0.384058,-0.554578
1670332815.479330,0.697386,-1.11161,-0.035194,0.636234,-0.375866,0.381936,-0.555028
1670332815.529325,0.694832,-1.11008,-0.0366638,0.6377,-0.376056,0.37876,-0.555392
1670332815.579314,0.692392,-1.10552,-0.0387249,0.639148,-0.375613,0.375087,-0.55652
1670332815.629328,0.69003,-1.09865,-0.0412384,0.640576,-0.374677,0.371025,-0.55823
1670332815.679271,0.688269,-1.09075,-0.04192,0.64162,-0.372798,0.367311,-0.560739
1670332815.729297,0.686968,-1.08203,-0.0411645,0.642359,-0.37017,0.363857,-0.563877
1670332815.779322,0.685276,-1.07285,-0.0391072,0.643001,-0.367441,0.361218,-0.566621
1670332815.829294,0.683293,-1.06332,-0.036077,0.643569,-0.364638,0.359194,-0.569067
1670332815.879314,0.679289,-1.05356,-0.0366553,0.64401,-0.361958,0.3575,-0.571341
1670332815.929344,0.673725,-1.04361,-0.040025,0.644352,-0.359374,0.356062,-0.573481
1670332815.979412,0.668262,-1.02903,-0.0439545,0.644642,-0.356536,0.355052,-0.575549
1670332816.029329,0.662892,-1.01094,-0.0483031,0.644887,-0.353513,0.354374,-0.577554
1670332816.079299,0.658571,-0.989409,-0.0502057,0.645723,-0.350557,0.353594,-0.578898
1670332816.129283,0.655095,-0.965128,-0.0501452,0.647033,-0.347656,0.352733,-0.57971
1670332816.179286,0.64813,-0.942392,-0.0551122,0.647869,-0.345539,0.351863,-0.58057
1670332816.229305,0.638481,-0.920844,-0.0639487,0.648341,-0.344027,0.350989,-0.581468
1670332816.279328,0.630132,-0.896063,-0.070958,0.647817,-0.343524,0.351692,-0.581925
1670332816.329332,0.622805,-0.868757,-0.0765286,0.64651,-0.343811,0.353632,-0.582033
1670332816.379311,0.616988,-0.836471,-0.088294,0.643565,-0.344488,0.356189,-0.583337
1670332816.429353,0.612358,-0.800142,-0.105065,0.639282,-0.345471,0.359236,-0.585592
1670332816.479267,0.60209,-0.765144,-0.115257,0.636064,-0.345452,0.360537,-0.588301
1670332816.529302,0.587155,-0.731078,-0.120091,0.633709,-0.344614,0.360413,-0.591402
1670332816.579303,0.575429,-0.696035,-0.121647,0.632277,-0.341982,0.360414,-0.594454
1670332816.629303,0.56616,-0.660224,-0.120683,0.631548,-0.337961,0.360506,-0.597465
1670332816.679305,0.551401,-0.623682,-0.122709,0.630484,-0.334269,0.361055,-0.600328
1670332816.729369,0.532417,-0.586533,-0.12703,0.62916,-0.330822,0.361953,-0.60308
1670332816.779496,0.519474,-0.546704,-0.127696,0.628193,-0.329353,0.360742,-0.605612
1670332816.829312,0.511257,-0.505108,-0.125551,0.627508,-0.329408,0.357925,-0.607959
1670332816.879349,0.501639,-0.466836,-0.118913,0.626591,-0.330927,0.352598,-0.611184
1670332816.929282,0.490984,-0.431373,-0.1088,0.625466,-0.333563,0.345325,-0.615044
1670332816.979296,0.482967,-0.396745,-0.0992187,0.624899,-0.335189,0.336164,-0.619792
1670332817.029388,0.477025,-0.362796,-0.090025,0.624734,-0.33599,0.325477,-0.625206
1670332817.079298,0.471852,-0.335814,-0.0806366,0.626092,-0.334313,0.313517,-0.630833
1670332817.129471,0.467152,-0.313957,-0.0709896,0.628555,-0.330713,0.300466,-0.636606
1670332817.179307,0.458762,-0.293972,-0.0599986,0.630695,-0.325515,0.290398,-0.64182
1670332817.229326,0.447477,-0.275256,-0.0479162,0.63262,-0.319057,0.282524,-0.646665
1670332817.279307,0.437806,-0.258028,-0.0388716,0.634215,-0.312766,0.275799,-0.651064
1670332817.329268,0.429377,-0.241945,-0.0321709,0.635557,-0.306604,0.269958,-0.655121
1670332817.379307,0.424477,-0.227256,-0.0247689,0.637614,-0.301065,0.263443,-0.658336
1670332817.429314,0.422311,-0.213685,-0.0168292,0.64021,-0.296015,0.256413,-0.660878
1670332817.479308,0.419635,-0.204816,-0.0121989,0.64327,-0.290544,0.24974,-0.662887
1670332817.529387,0.416546,-0.199592,-0.0101317,0.646682,-0.284731,0.243327,-0.664472
1670332817.579304,0.411374,-0.196022,-0.00801222,0.649387,-0.278951,0.238576,-0.666007
1670332817.629278,0.404539,-0.193743,-0.0058537,0.651547,-0.273181,0.235129,-0.667513
1670332817.679291,0.40229,-0.192225,-0.00546748,0.653234,-0.268267,0.232806,-0.66867
1670332817.729273,0.403596,-0.191286,-0.00645234,0.654561,-0.264024,0.231357,-0.669564
1670332817.779301,0.402092,-0.190387,-0.0100013,0.655519,-0.2621,0.230587,-0.669648
1670332817.829311,0.398381,-0.189513,-0.0155619,0.656193,-0.262009,0.230356,-0.669102
1670332817.879269,0.400751,-0.194267,-0.0187761,0.655899,-0.263709,0.229926,-0.668871
1670332817.929418,0.408009,-0.203563,-0.0201282,0.654821,-0.266853,0.229332,-0.668884
1670332817.979331,0.411924,-0.211907,-0.0211703,0.654466,-0.271007,0.23063,-0.667112
1670332818.029314,0.413111,-0.219545,-0.0219661,0.654684,-0.276002,0.233474,-0.663854
1670332818.079308,0.418544,-0.230193,-0.0212849,0.654162,-0.280927,0.2357,-0.661512
1670332818.129272,0.427326,-0.243207,-0.0194427,0.653057,-0.285793,0.237438,-0.659896
1670332818.179340,0.437723,-0.256451,-0.0228473,0.651155,-0.290616,0.240101,-0.658705
1670332818.229309,0.449359,-0.269843,-0.0304169,0.648615,-0.295381,0.243488,-0.657847
1670332818.279306,0.45997,-0.292309,-0.0350755,0.646113,-0.300569,0.247063,-0.656625
1670332818.329363,0.469789,-0.321779,-0.0375041,0.643627,-0.306079,0.250782,-0.655109
1670332818.379297,0.477952,-0.351771,-0.0407796,0.641097,-0.310707,0.255193,-0.653706
1670332818.429337,0.484838,-0.3823,-0.0447271,0.638518,-0.314656,0.260163,-0.652381
1670332818.479295,0.494444,-0.414304,-0.0500413,0.636781,-0.317404,0.263388,-0.651454
1670332818.529247,0.506254,-0.447512,-0.0564583,0.635729,-0.319201,0.265224,-0.650857
1670332818.579294,0.516604,-0.482779,-0.0657025,0.635393,-0.319011,0.265269,-0.651261
1670332818.629327,0.525808,-0.519572,-0.0771124,0.635608,-0.317287,0.263932,-0.652435
1670332818.679339,0.53655,-0.557161,-0.0852882,0.636535,-0.314638,0.263724,-0.652898
1670332818.729563,0.548519,-0.595531,-0.0910262,0.638006,-0.311265,0.264379,-0.652814
1670332818.779301,0.560607,-0.633326,-0.0997051,0.639214,-0.309068,0.265697,-0.652141
1670332818.829315,0.572948,-0.671168,-0.110773,0.640235,-0.307757,0.267546,-0.651002
1670332818.879339,0.584457,-0.711829,-0.116075,0.640979,-0.30839,0.270359,-0.648805
1670332818.929280,0.595288,-0.754635,-0.116855,0.641495,-0.310536,0.273915,-0.645773
1670332818.979274,0.603411,-0.7923,-0.115324,0.640442,-0.314625,0.279099,-0.642611
1670332819.029341,0.609386,-0.826014,-0.111984,0.638129,-0.320216,0.285545,-0.63931
1670332819.079301,0.617772,-0.859861,-0.106645,0.636044,-0.326338,0.294685,-0.634124
1670332819.129350,0.628052,-0.89401,-0.0996567,0.634056,-0.332866,0.30597,-0.62734
1670332819.179313,0.639734,-0.92259,-0.0913616,0.6338,-0.339881,0.317388,-0.618096
1670332819.229249,0.652518,-0.946769,-0.0819789,0.634876,-0.347254,0.328886,-0.606779
1670332819.279341,0.662426,-0.97005,-0.0736924,0.635372,-0.353938,0.340073,-0.596138
1670332819.329329,0.670029,-0.99253,-0.066283,0.6354,-0.360044,0.350954,-0.586061
1670332819.379374,0.674172,-1.00867,-0.0608678,0.633811,-0.365436,0.361335,-0.578081
1670332819.429274,0.675582,-1.01976,-0.0570324,0.630973,-0.370253,0.371286,-0.571781
1670332819.479332,0.678023,-1.03135,-0.0530706,0.627482,-0.373528,0.379923,-0.567804
1670332819.529465,0.681258,-1.04329,-0.0490269,0.623515,-0.375636,0.38756,-0.565618
1670332819.579271,0.682992,-1.0529,-0.0446025,0.619537,-0.378203,0.392017,-0.565207
1670332819.629354,0.683636,-1.06086,-0.0398665,0.615521,-0.381151,0.394142,-0.566135
1670332819.679304,0.686242,-1.06655,-0.0383311,0.612711,-0.384021,0.395466,-0.566322
1670332819.729257,0.690357,-1.07051,-0.0392339,0.610817,-0.38684,0.396185,-0.565946
1670332819.779285,0.69387,-1.07192,-0.0386248,0.610096,-0.3894,0.396108,-0.565021
1670332819.829304,0.696907,-1.07134,-0.0368276,0.610298,-0.391752,0.395405,-0.563668
1670332819.879301,0.698454,-1.06994,-0.0397123,0.60977,-0.39463,0.393424,-0.563618
1670332819.929281,0.698874,-1.06793,-0.0461446,0.608682,-0.397903,0.390469,-0.564547
1670332819.979416,0.699666,-1.06684,-0.0495232,0.607429,-0.400757,0.388134,-0.565487
1670332820.029360,0.700735,-1.06645,-0.0505545,0.60606,-0.403277,0.386286,-0.566429
1670332820.079307,0.700162,-1.06231,-0.0501675,0.605347,-0.404983,0.383916,-0.567585
1670332820.129283,0.698315,-1.05525,-0.0486774,0.605141,-0.40606,0.38114,-0.568904
1670332820.179300,0.700634,-1.04957,-0.0475509,0.605765,-0.405986,0.37693,-0.571094
1670332820.229356,0.706023,-1.0449,-0.0466825,0.606989,-0.405048,0.371649,-0.573914
1670332820.279268,0.7088,-1.03495,-0.0506636,0.609608,-0.403186,0.366994,-0.575443
1670332820.330014,0.709612,-1.02077,-0.0584402,0.613337,-0.400576,0.362728,-0.576008
1670332820.379335,0.711525,-1.00663,-0.0616184,0.616273,-0.397616,0.359058,-0.577223
1670332820.429299,0.71429,-0.992048,-0.0615938,0.618734,-0.394302,0.355691,-0.578946
1670332820.479281,0.716097,-0.977429,-0.0614387,0.621631,-0.391413,0.352596,-0.579696
1670332820.529334,0.717162,-0.96277,-0.061185,0.624866,-0.388851,0.349708,-0.579691
1670332820.579303,0.722656,-0.945875,-0.0632906,0.627915,-0.386942,0.347479,-0.579014
1670332820.629307,0.731485,-0.927269,-0.0671709,0.630832,-0.38552,0.34574,-0.577831
1670332820.679320,0.743314,-0.908906,-0.0707404,0.632035,-0.385281,0.347203,-0.575795
1670332820.729301,0.75746,-0.890748,-0.0740567,0.631903,-0.385956,0.35114,-0.573094
1670332820.779455,0.768672,-0.870353,-0.0760864,0.630359,-0.388511,0.355905,-0.570122
1670332820.829273,0.777468,-0.848434,-0.0770951,0.627709,-0.392488,0.361254,-0.566948
1670332820.879292,0.788117,-0.82451,-0.0731259,0.624752,-0.396704,0.365138,-0.564787
1670332820.929282,0.800199,-0.799086,-0.0652362,0.621566,-0.401094,0.367847,-0.563443
1670332820.979344,0.814988,-0.772645,-0.0607789,0.618104,-0.403361,0.370551,-0.563861
1670332821.029293,0.831883,-0.745483,-0.0590674,0.614437,-0.40393,0.373243,-0.565683
1670332821.079330,0.845979,-0.719811,-0.0585644,0.61352,-0.401656,0.375003,-0.567132
1670332821.131337,0.85837,-0.694354,-0.059018,0.614766,-0.397017,0.376082,-0.568333
1670332821.179326,0.873013,-0.670232,-0.0598595,0.621765,-0.390594,0.371082,-0.568457
1670332821.229275,0.890456,-0.644781,-0.0610771,0.633279,-0.382224,0.361319,-0.567725
1670332821.279242,0.906481,-0.622093,-0.0643913,0.643421,-0.374615,0.349792,-0.568611
1670332821.329282,0.921399,-0.601469,-0.069221,0.652499,-0.367538,0.336909,-0.57066
1670332821.379330,0.932327,-0.58426,-0.0748734,0.658736,-0.363583,0.326652,-0.57199
1670332821.429294,0.940302,-0.569602,-0.0811385,0.662875,-0.36203,0.318431,-0.572829
1670332821.479343,0.950785,-0.555257,-0.0923116,0.666115,-0.362142,0.309557,-0.573862
1670332821.529373,0.963181,-0.541167,-0.10724,0.668639,-0.363531,0.300187,-0.575026
1670332821.579400,0.977428,-0.530244,-0.113764,0.671673,-0.363719,0.291514,-0.575834
1670332821.629314,0.993041,-0.521776,-0.113862,0.675083,-0.362988,0.283388,-0.576363
1670332821.679332,1.01253,-0.513491,-0.119671,0.676934,-0.359887,0.277584,-0.578955
1670332821.729288,1.03493,-0.505393,-0.12987,0.677578,-0.354969,0.273582,-0.583128
1670332821.779295,1.05696,-0.499151,-0.131683,0.679274,-0.349049,0.269784,-0.586488
1670332821.829302,1.07866,-0.494374,-0.126981,0.68177,-0.342347,0.266143,-0.589199
1670332821.879344,1.10245,-0.488853,-0.123875,0.683118,-0.336299,0.264139,-0.592017
1670332821.929452,1.12794,-0.482729,-0.122031,0.683566,-0.330765,0.263426,-0.594927
1670332821.986620,1.15719,-0.474796,-0.119906,0.681307,-0.328517,0.262952,-0.59896
1670332822.029371,1.17916,-0.468426,-0.118304,0.678313,-0.328747,0.262755,-0.602309
1670332822.079244,1.20367,-0.461928,-0.118086,0.675554,-0.330861,0.263717,-0.603831
1670332822.129271,1.22737,-0.456129,-0.119141,0.673349,-0.334403,0.265598,-0.603518
1670332822.179321,1.25406,-0.449778,-0.118191,0.671018,-0.338765,0.268271,-0.602498
1670332822.229315,1.28302,-0.443025,-0.115687,0.668576,-0.34375,0.271547,-0.600919
1670332822.279334,1.31058,-0.436626,-0.115874,0.667111,-0.345031,0.276169,-0.599706
1670332822.329306,1.33703,-0.430495,-0.118162,0.66641,-0.343402,0.281842,-0.59878
1670332822.379328,1.36069,-0.42069,-0.121554,0.665714,-0.339857,0.288363,-0.598473
1670332822.429273,1.38217,-0.408129,-0.125777,0.664994,-0.33486,0.295498,-0.598608
1670332822.479304,1.4147,-0.399497,-0.128414,0.661585,-0.337629,0.303438,-0.596855
1670332822.529326,1.45549,-0.393976,-0.129839,0.656066,-0.346267,0.311946,-0.593605
1670332822.579355,1.48914,-0.380696,-0.131548,0.647814,-0.360239,0.322071,-0.588927
1670332822.629315,1.51669,-0.361412,-0.133573,0.637141,-0.378358,0.333366,-0.582893
1670332822.679261,1.54537,-0.345634,-0.127284,0.631195,-0.388128,0.342169,-0.577815
1670332822.729311,1.57528,-0.332467,-0.114157,0.629255,-0.391263,0.349069,-0.573674
1670332822.779281,1.60279,-0.318569,-0.108141,0.628324,-0.387257,0.353712,-0.574569
1670332822.831234,1.62947,-0.303521,-0.107557,0.628115,-0.377424,0.356739,-0.579448
1670332822.879271,1.64693,-0.289202,-0.106153,0.629745,-0.369444,0.356305,-0.583077
1670332822.929301,1.6598,-0.274018,-0.104049,0.632781,-0.361952,0.353472,-0.586205
1670332822.979304,1.67587,-0.25835,-0.104153,0.634895,-0.356315,0.35115,-0.588763
1670332823.029263,1.69428,-0.242322,-0.105872,0.636341,-0.352053,0.349212,-0.590914
1670332823.079280,1.71386,-0.23202,-0.106888,0.635379,-0.349945,0.346969,-0.594512
1670332823.129358,1.73434,-0.22604,-0.107368,0.632594,-0.349455,0.344491,-0.599193
1670332823.179344,1.75716,-0.216456,-0.110915,0.630322,-0.349699,0.342265,-0.60271
1670332823.229310,1.78176,-0.20416,-0.116762,0.628435,-0.350497,0.340229,-0.605364
1670332823.279266,1.80912,-0.189334,-0.119595,0.627106,-0.350029,0.337274,-0.608658
1670332823.329321,1.83868,-0.172511,-0.120073,0.626199,-0.348565,0.33359,-0.61245
1670332823.379300,1.86693,-0.159926,-0.117804,0.628333,-0.343457,0.329778,-0.615208
1670332823.429349,1.89421,-0.150514,-0.113508,0.632703,-0.335592,0.325842,-0.617165
1670332823.479337,1.9192,-0.141728,-0.113021,0.632501,-0.329792,0.32517,-0.620841
1670332823.529372,1.94252,-0.133382,-0.115371,0.628894,-0.325525,0.326936,-0.625811
1670332823.579325,1.96903,-0.125485,-0.114637,0.623166,-0.325402,0.329997,-0.629984
1670332823.629336,1.99805,-0.117952,-0.111522,0.615752,-0.328483,0.334057,-0.633525
1670332823.679301,2.02176,-0.10894,-0.109945,0.611173,-0.3325,0.337577,-0.633998
1670332823.729300,2.04132,-0.0987264,-0.10958,0.608853,-0.337272,0.340678,-0.632048
1670332823.779302,2.06471,-0.0898411,-0.116393,0.608603,-0.340923,0.342545,-0.629315
1670332823.829271,2.09116,-0.0820258,-0.128967,0.610022,-0.343675,0.34342,-0.625958
1670332823.879336,2.11393,-0.0743435,-0.141082,0.610962,-0.350232,0.345851,-0.62004
1670332823.930367,2.13413,-0.0667093,-0.153076,0.611469,-0.359852,0.349505,-0.61193
1670332823.979435,2.15934,-0.0592905,-0.158634,0.607573,-0.372135,0.356701,-0.604263
1670332824.029268,2.18911,-0.0518427,-0.159799,0.600157,-0.386804,0.3667,-0.596426
1670332824.079296,2.21684,-0.0449018,-0.15732,0.589261,-0.403311,0.37972,-0.588153
1670332824.129389,2.24257,-0.0385567,-0.151982,0.575392,-0.421087,0.394965,-0.579321
1670332824.179282,2.27,-0.0374364,-0.151997,0.563634,-0.436078,0.409114,-0.569893
1670332824.229314,2.29895,-0.0403522,-0.156141,0.553486,-0.448985,0.422494,-0.559969
1670332824.279325,2.31979,-0.0377052,-0.158242,0.544481,-0.460822,0.435136,-0.5494
1670332824.329688,2.33413,-0.030495,-0.158666,0.53633,-0.471853,0.447248,-0.538214
1670332824.379310,2.35096,-0.026084,-0.158675,0.531001,-0.480026,0.456574,-0.528349
1670332824.429321,2.37005,-0.0236423,-0.15837,0.527725,-0.486272,0.464045,-0.519334
1670332824.479302,2.38559,-0.0182375,-0.15783,0.525436,-0.489727,0.47076,-0.512317
1670332824.529272,2.39855,-0.0106209,-0.157115,0.523898,-0.491142,0.476937,-0.506796
1670332824.579259,2.41152,-0.0063674,-0.155313,0.522384,-0.494152,0.481017,-0.501549
1670332824.629262,2.42447,-0.00464865,-0.152708,0.520887,-0.498363,0.48352,-0.496508
1670332824.679304,2.4387,-0.00245249,-0.155261,0.520467,-0.502613,0.484306,-0.491876
1670332824.729329,2.45386,0.000107066,-0.161737,0.520865,-0.50689,0.483785,-0.487559
1670332824.779399,2.46512,0.00221107,-0.166998,0.520765,-0.510336,0.483368,-0.484475
1670332824.829307,2.47335,0.00396131,-0.171307,0.520289,-0.513137,0.483037,-0.482354
1670332824.879303,2.4856,0.00321389,-0.172785,0.518951,-0.515173,0.48281,-0.481852
1670332824.979332,2.51562,-0.0026123,-0.170977,0.514984,-0.516613,0.482816,-0.484552
1670332825.079276,2.54599,-0.00828301,-0.167091,0.512609,-0.512399,0.482656,-0.491652
1670332825.179342,2.57843,-0.00634895,-0.163685,0.51449,-0.501524,0.480372,-0.503008
1670332825.329298,2.62586,0.0071832,-0.163246,0.517779,-0.471968,0.478253,-0.529552
1670332825.429355,2.6578,0.0196393,-0.1532,0.522945,-0.45145,0.468582,-0.550593
1670332825.579442,2.70372,0.0425796,-0.137345,0.529857,-0.429566,0.445065,-0.580207
1670332825.779298,2.75231,0.0970937,-0.146869,0.556409,-0.399192,0.39975,-0.609307
1670332826.029275,2.81996,0.199856,-0.169999,0.594456,-0.365073,0.352411,-0.623819
1670332826.279321,2.9097,0.295199,-0.174036,0.594397,-0.372041,0.34598,-0.623359
1670332826.729333,2.97601,0.514235,-0.135036,0.610179,-0.302838,0.290034,-0.672198
1670332827.279294,2.98671,0.673696,-0.147832,0.649265,-0.180116,0.138362,-0.725858
1670332827.979305,2.88046,0.801442,-0.159927,0.673896,-0.042465,-0.00817646,-0.737559
1670332828.729369,2.61847,0.813825,-0.147316,0.673749,0.0626917,-0.137296,-0.723382
1670332829.529327,2.5735,0.728352,-0.150591,0.655084,0.181743,-0.231507,-0.695873
1670332887.979296,0.508265,-0.178921,0.0772539,0.570485,-0.44722,0.429313,-0.538732
1670332888.029328,0.513903,-0.180741,0.0781795,0.570767,-0.446834,0.429298,-0.538766
1670332888.079263,0.514054,-0.177492,0.0802715,0.57079,-0.446526,0.42938,-0.538931
1670332888.129317,0.510643,-0.170938,0.0831288,0.570644,-0.446267,0.429526,-0.539183
1670332888.179295,0.507264,-0.169691,0.0832571,0.570777,-0.445195,0.42995,-0.539591
1670332888.229329,0.503899,-0.171756,0.08168,0.571081,-0.443612,0.430548,-0.540096
1670332888.279296,0.503528,-0.174459,0.0807978,0.57132,-0.442024,0.431321,-0.540528
1670332888.333853,0.50522,-0.177861,0.0803202,0.571534,-0.440286,0.432289,-0.540947
1670332888.379335,0.504609,-0.178834,0.0808136,0.571519,-0.439831,0.432147,-0.541446
1670332888.429333,0.502897,-0.178944,0.0818162,0.571404,-0.439842,0.431503,-0.542072
1670332888.479275,0.499437,-0.180078,0.0847655,0.571466,-0.439197,0.431596,-0.542456
1670332888.529310,0.494866,-0.18186,0.0889492,0.57164,-0.438135,0.432153,-0.542686
1670332888.579311,0.493486,-0.177978,0.0889891,0.57181,-0.437656,0.432293,-0.542783
1670332888.629283,0.494117,-0.170531,0.0864196,0.571977,-0.437544,0.43217,-0.542796
1670332888.679374,0.492782,-0.166818,0.085648,0.57234,-0.437563,0.431582,-0.542865
1670332888.729249,0.490194,-0.165521,0.0860343,0.572825,-0.437666,0.430699,-0.542971
1670332888.779364,0.492549,-0.164578,0.0848774,0.573487,-0.436813,0.430566,-0.543066
1670332888.829274,0.498116,-0.163872,0.0827198,0.574257,-0.435341,0.430922,-0.543152
1670332888.879266,0.498395,-0.16321,0.0831453,0.574724,-0.434612,0.430589,-0.543504
1670332888.929266,0.495179,-0.162577,0.0852783,0.574992,-0.434375,0.429802,-0.544034
